bank,id,noise_t,sigma,q,sb,contrast,psnr_deg,psnr_bd_deg,ridge_corr_deg,dark_contrast_deg,psnr_base,psnr_bd_base,ridge_corr_base,dark_contrast_base,psnr_hn,psnr_bd_hn,ridge_corr_hn,dark_contrast_hn,dark_err_deg,dark_err_base,dark_err_hn
main,TRAIN_000006,20.985140414513264,20.318295533131824,0.9991259067360744,1.8573883396495536,0.870341625798779,21.176549586691557,20.395894631741648,0.21699673787469076,0.8577862977981567,28.5207489993889,26.957435257934364,0.5245114172449302,0.9769670367240906,28.835555553077757,26.93800128379849,0.5612666561588592,0.9945957064628601,0.14221370220184326,0.023032963275909424,0.005404293537139893
main,TRAIN_000006,19.822107520740246,19.208255488629206,0.9307122071023674,2.316346596819786,0.913650005579496,21.35304290059063,20.18918992400126,0.21456657447465813,0.8577283620834351,27.26985774309149,25.668317010258157,0.5434678567793645,1.0089410543441772,27.66414963159154,25.54218300068412,0.5748930648974319,0.992000162601471,0.14227163791656494,0.008941054344177246,0.007999837398529053
main,TRAIN_000006,9.934999696683384,8.870301321329778,0.34911762921666967,0.6066932485020506,0.9835924274669448,28.464561140714913,28.34603330668105,0.8647938298890014,0.9795133471488953,32.69569547507928,32.359169927281044,0.9182219511565011,1.0047800540924072,32.90507434159312,32.68777211610491,0.9327630311029981,1.0445796251296997,0.020486652851104736,0.0047800540924072266,0.04457962512969971
main,TRAIN_000011,17.78258625695154,17.60494553506573,0.810740368055973,0.057042186593763,0.8499201173386959,23.34591887798945,23.15756310812535,0.5214643936978851,0.8953371644020081,30.721108218303726,28.555371428855732,0.7917453118083283,1.0248520374298096,31.23669405779961,29.252244425468945,0.8222887572076096,1.005011796951294,0.10466283559799194,0.02485203742980957,0.005011796951293945
main,TRAIN_000011,19.09397381453438,18.29528332419313,0.8878808126196693,2.3815160426357247,0.8410241964845446,22.17174053956031,20.91133603495031,0.16633779486565398,0.8595718741416931,29.63252741507448,26.463747426910636,0.5846576177467007,1.004337191581726,29.98404933375322,26.60783168342475,0.6511150946277098,0.9761790037155151,0.14042812585830688,0.004337191581726074,0.023820996284484863
main,TRAIN_000011,19.458811890952827,19.314094444571584,0.9093418759384015,0.24110447316465924,0.8021952140435906,22.022243313297377,21.85287400631022,0.5010582214338998,0.8701584935188293,28.409230220949084,26.546835289730282,0.7318457077294956,0.9736850261688232,29.094132301295144,27.30652374768066,0.7637123465452297,0.9650260210037231,0.12984150648117065,0.026314973831176758,0.034973978996276855
main,TRAIN_000026,9.453958931604934,9.43697699027551,0.3208211136238196,0.053961906030705845,0.8980470014973999,30.54429232229275,30.043734352757436,0.9377016665806523,0.92965167760849,32.98152155035699,31.363617479128017,0.9564553606827199,0.9348995089530945,33.64687394574759,32.784547392611465,0.9679631638119919,0.9678481817245483,0.07034832239151001,0.06510049104690552,0.03215181827545166
main,TRAIN_000026,13.302703065116754,11.792997677765847,0.5472178273598091,1.1316737110657848,0.8927955910392305,24.63843945869039,22.565795643153027,0.656816120625101,0.8921909332275391,28.1408868301591,24.59412717393767,0.8025829147009609,0.9397769570350647,28.749436028339638,26.14311072156527,0.8568341147730375,0.9782031178474426,0.10780906677246094,0.0602230429649353,0.021796882152557373
main,TRAIN_000026,8.08608357988461,5.860789944459521,0.24035785764027118,0.5200870245633719,0.9422573762494199,32.03587654810934,30.395418224751477,0.9619051426954504,0.9557086229324341,32.03588586803018,30.395465377904564,0.96190514109514,0.9557082056999207,33.28344812299691,32.37916034063361,0.9722027263411993,0.9989235401153564,0.04429137706756592,0.044291794300079346,0.0010764598846435547
main,TRAIN_000080,12.705481868276586,11.113213384960059,0.5120871687221521,1.0798543730931762,0.8587241059112892,25.068554949413834,22.63075123070763,0.6962606158151997,0.873385488986969,28.717499974015258,24.97877098583281,0.8367544978664285,0.9495987892150879,29.30381032365942,26.158340186374414,0.8722496087570397,0.9658368825912476,0.126614511013031,0.05040121078491211,0.03416311740875244
main,TRAIN_000080,5.9397300103083674,2.7169190847608684,0.11410176531225691,0.5170115804400935,0.9902680282822334,36.852454456271396,34.502856609280066,0.9947661435686759,0.9895327091217041,36.8524589869049,34.50293747235067,0.9947661444289431,0.9895327091217041,26.4449443080462,23.069140584231658,0.9858281257743117,0.8827430605888367,0.010467290878295898,0.010467290878295898,0.11725693941116333
main,TRAIN_000080,16.244547074244757,14.892074855763443,0.7202674749555739,1.2570575069444325,0.5426280648980569,22.336250657767152,19.78045437824524,0.3007919696883717,0.6304990649223328,26.46978453878388,21.774684870363878,0.5264933290731825,0.6957336068153381,27.13435892108113,22.685031877524523,0.5721300000006356,0.8020696640014648,0.36950093507766724,0.30426639318466187,0.19793033599853516
main,TRAIN_000142,12.212601764942542,11.862122795888444,0.4830942214672084,0.35801373459838604,0.7977288717349523,26.684636976548006,25.97730112154568,0.7495306524177009,0.8571680784225464,32.299413043258106,30.44705020796841,0.8773605139162185,0.9302440285682678,32.62128950246296,31.65406178716095,0.8940854269653326,0.947916567325592,0.1428319215774536,0.06975597143173218,0.05208343267440796
main,TRAIN_000142,17.452770146400653,16.442521181182187,0.7913394203765091,1.054569833816213,0.5665714298386492,22.49542797002826,21.01295649842427,0.3284769417864788,0.7215003967285156,29.12632395067454,25.524267153867566,0.6437846157533785,0.8297816514968872,29.66156602990982,26.60052008269311,0.674053626618761,0.8766365647315979,0.2784996032714844,0.1702183485031128,0.1233634352684021
main,TRAIN_000142,7.530024979233843,6.622055245792576,0.20764852819022606,0.43167867462497805,0.9829968047493601,31.874484881932105,31.814786885586436,0.8919794845213345,0.9855135083198547,32.978303337854804,32.62431128800597,0.905990540224209,0.9884831309318542,33.58354190736052,32.66760174238762,0.9251654537600602,1.0661418437957764,0.014486491680145264,0.011516869068145752,0.06614184379577637
main,TRAIN_000152,12.126910299281649,11.563346019198306,0.47805354701656755,0.12627232574230002,0.7431978658586025,27.81943582112159,26.56272531280041,0.867578837587061,0.8205041885375977,29.90369996581213,28.01496277580378,0.9077575999390838,0.8716825842857361,30.420541913795155,29.07107871948201,0.9246887352852299,0.888457715511322,0.17949581146240234,0.12831741571426392,0.11154228448867798
main,TRAIN_000152,6.068661257281243,8.240801667213919,0.12168595631066137,0.1742014057810521,0.974900047189828,40.722181218151675,41.459217167407154,0.9958643047728596,0.9820936322212219,39.043523535817975,40.11367087428077,0.993729293637094,0.9857287406921387,33.2019280485867,33.976094838078055,0.9763807929943619,1.0156159400939941,0.017906367778778076,0.014271259307861328,0.01561594009399414
main,TRAIN_000152,13.477248862445464,10.552840969846283,0.5574852272026743,1.2668030116604811,0.7542729446996216,24.111330556082528,21.53357171067401,0.6019954661753225,0.8127408623695374,26.703549199279998,23.3846667769023,0.7496056189488651,0.8644657135009766,27.237598644343755,24.40963052133663,0.7943307589500054,0.8934605717658997,0.18725913763046265,0.13553428649902344,0.10653942823410034
main,TRAIN_000245,10.78737555316409,10.387478117213766,0.3992573854802406,0.3726625426357736,0.808555495133051,27.95384509013889,26.96381550137033,0.8620094781269584,0.8779603242874146,32.52023017662887,30.2646798387351,0.9429761294684832,0.9283552169799805,32.95412353546053,31.03762974601038,0.9556451346269715,0.9330706000328064,0.12203967571258545,0.07164478302001953,0.0669293999671936
main,TRAIN_000245,6.5021712668830824,5.2400760336138115,0.14718654511076956,0.45766949925963984,0.9828166907810244,33.85455691410047,33.67674465192377,0.9682651560655375,0.9882152676582336,33.8545611589234,33.67677930556678,0.9682651552071537,0.9882148504257202,34.82677703213307,34.69845772233625,0.9771511773264089,1.0135078430175781,0.011784732341766357,0.011785149574279785,0.013507843017578125
main,TRAIN_000245,8.581961592816146,8.714683909934758,0.2695271525185968,0.17630789593982782,0.9482172286808274,31.08945236026058,31.02251225723508,0.9450512106934456,0.9600434899330139,33.83578463210429,33.393081260331186,0.9648864617431997,0.9772650003433228,34.819934420134025,34.17142117502925,0.9745106083084416,1.0068094730377197,0.039956510066986084,0.022734999656677246,0.0068094730377197266
main,TRAIN_000304,10.656549768584792,10.551537335922312,0.3915617510932231,0.08637135142602596,0.8567972420619265,27.859878548651636,27.407467811446793,0.8264567618636405,0.9312840700149536,33.14853745082718,32.114172901357,0.9069569432123802,0.962451696395874,33.35970941787306,33.064057377004225,0.9162766070174204,0.9749666452407837,0.06871592998504639,0.03754830360412598,0.02503335475921631
main,TRAIN_000304,4.382085900648785,1.916211080669566,0.022475641214634412,0.5817464520020202,0.9981738788354038,38.90424369678847,38.17563170030731,0.9900602299343221,0.9914941191673279,38.9042430201524,38.17572428995766,0.9900602283116441,0.9914941191673279,26.925338221443408,24.410052297695266,0.9796994943852521,0.9287529587745667,0.00850588083267212,0.00850588083267212,0.07124704122543335
main,TRAIN_000304,7.415973738889724,6.244742301741281,0.20093963169939555,0.6190527435156754,0.9748035987697821,31.180077952143957,30.680709094861783,0.9422922081762855,0.9767664074897766,31.241221927065173,30.704642509965904,0.9424561675912975,0.9762359261512756,33.4791036319091,33.131738139766234,0.9491260422037259,1.0310274362564087,0.02323359251022339,0.023764073848724365,0.03102743625640869
main,TRAIN_000337,11.758683123552775,10.832622442901286,0.45639312491486905,0.6517021697615775,0.9023065311983987,26.41444654308437,25.937089209712013,0.7766785069459202,0.9306687116622925,30.674924852434323,29.37521798753579,0.8320994712568248,0.9819463491439819,31.331794356078188,30.779785686713666,0.8753962631032913,0.9822724461555481,0.06933128833770752,0.018053650856018066,0.017727553844451904
main,TRAIN_000337,14.627075817628686,14.495280926674754,0.6251221069193345,0.27528227736960564,0.8406274079687762,25.10899706589301,24.78202254804065,0.8419767921555217,0.9111321568489075,30.60187800540144,29.1079972573107,0.8909040918800543,0.9735362529754639,31.327138151394177,30.371270297299056,0.9312137880693292,0.9412855505943298,0.08886784315109253,0.026463747024536133,0.058714449405670166
main,TRAIN_000337,19.12634886082636,19.081851071272332,0.8897852271074331,0.13888875740487622,0.9337329875486282,22.34393434862049,22.281707636075637,0.640104413419292,0.9623302221298218,29.068130789820422,28.12059397835787,0.7268250619178717,1.0529054403305054,29.764957785220826,29.144850987742124,0.7876754898794316,1.0130153894424438,0.03766977787017822,0.05290544033050537,0.013015389442443848
main,TRAIN_000417,5.916757998654297,4.283743902009117,0.11275047050907627,0.4361550090020729,0.9774343614418174,37.54236602358813,37.14200930892519,0.9747193165913056,0.9902811050415039,37.54237191730029,37.14206570708053,0.9747193152370205,0.9902802109718323,37.108452353783804,36.25955144062225,0.9741095248518131,1.042572259902954,0.009718894958496094,0.009719789028167725,0.0425722599029541
main,TRAIN_000417,19.55346137603234,18.752901249096784,0.9149094927077848,0.9453916351367121,0.9797041314676542,22.37984510984631,22.25501534184763,0.3587479498640508,0.9756747484207153,30.85859927136933,30.194237271417354,0.6828583364844354,1.042178750038147,31.21310504899266,30.33303854018195,0.7139134532707843,1.0276259183883667,0.024325251579284668,0.04217875003814697,0.0276259183883667
main,TRAIN_000417,5.505083823855724,5.538012235067722,0.08853434257974846,0.31182006615986396,0.9949306570172157,39.098379321004934,39.463991723254274,0.9913269090359289,1.0078728199005127,39.098390709719006,39.46402271433239,0.9913269552349453,1.007872223854065,36.38810228107755,35.945228927409204,0.9806279100405254,1.0325278043746948,0.007872819900512695,0.007872223854064941,0.032527804374694824
main,TRAIN_000420,20.19785555659567,19.231648789358168,0.9528150327409218,2.8960425743672396,0.820159147453104,21.66607451603462,20.37761668127225,0.06894202384690618,0.7986075282096863,28.7626466293727,26.06401606753972,0.36287518416536,0.9823428392410278,28.790906554740154,26.36814931592842,0.4468282009952444,1.0638082027435303,0.20139247179031372,0.017657160758972168,0.06380820274353027
main,TRAIN_000420,5.733922518928577,5.514965698134694,0.1019954422899163,0.30425540699132897,0.9806352062118734,50.15137171544769,48.695479887488176,0.9996513741182287,0.9857460856437683,50.15074263678591,48.69529932914226,0.9996513887473408,0.9857470989227295,35.6835174019392,35.19328500645119,0.9534849955703235,1.051841139793396,0.01425391435623169,0.014252901077270508,0.051841139793395996
main,TRAIN_000420,10.340605873096482,10.36490347596634,0.37297681606449895,0.07414124863009743,0.9648302769861086,29.80756447588093,29.828827588346766,0.8522654087859858,0.9737520813941956,32.584449789197734,31.98894406727546,0.9087250599746103,1.0422598123550415,32.66033670749251,31.79577623941077,0.9166527807172634,1.0531940460205078,0.026247918605804443,0.042259812355041504,0.05319404602050781
main,TRAIN_000006,8.039708191245643,7.1048550797916,0.23762989360268483,0.4439495823916496,0.9285914292599124,31.12578520241302,30.573565395566348,0.9317309702572533,0.9489188194274902,32.19303232244733,31.427279123759742,0.9406097138967319,0.9509837031364441,34.14928000172556,33.781823079761715,0.9563427310642985,1.0115994215011597,0.051081180572509766,0.04901629686355591,0.011599421501159668
main,TRAIN_000006,12.861914945023024,12.138805664014615,0.5212891144131191,0.8735592454407063,0.8379026788278793,25.382652574214255,24.332386815921723,0.6767717748704614,0.8720064759254456,30.847695146789754,28.887296621618045,0.8208500029049438,0.9514723420143127,31.442841456604995,30.326323643831703,0.8519324353777497,0.9709145426750183,0.12799352407455444,0.048527657985687256,0.02908545732498169
main,TRAIN_000006,6.274562587655288,4.386628472827702,0.1337977992738405,0.6313424979929265,0.985900121721326,32.83487858097132,32.267914892019924,0.9701556740468097,0.9829193949699402,32.83487554685884,32.2679546449157,0.9701557480576828,0.9829186797142029,33.871889675013044,34.020685644261214,0.9734673480339066,1.0099472999572754,0.017080605030059814,0.01708132028579712,0.00994729995727539
main,TRAIN_000011,17.429886425569414,16.594100438036143,0.789993319151142,0.46574370260526826,0.4625632414838306,21.816125893634563,20.60068463970196,0.414945603187708,0.6297651529312134,26.23449886348467,23.070356145674328,0.6277406865721967,0.7014277577400208,27.090879183961377,23.90733732892876,0.667477509613648,0.7450068593025208,0.3702348470687866,0.29857224225997925,0.25499314069747925
main,TRAIN_000011,5.5626075753335265,3.461304659745929,0.09191809266667805,0.4563897918954809,0.9850198013884834,42.3700550498899,40.576945465537236,0.9966388008812683,0.9880722761154175,42.370080419181384,40.57706291776412,0.9966388015644579,0.9880724549293518,38.746507032428774,38.391760913652945,0.9863600191840116,1.0065172910690308,0.01192772388458252,0.011927545070648193,0.006517291069030762
main,TRAIN_000011,12.926542760625335,11.27870702516087,0.5250907506250196,0.7717260937160457,0.7155888173771084,25.419719824879653,24.014295532378004,0.5989438363496837,0.805203378200531,30.136708991748296,27.114741303535425,0.8335112586308985,0.8703657984733582,30.62617104011629,27.813196355795565,0.8641714826654991,0.8827410936355591,0.194796621799469,0.12963420152664185,0.11725890636444092
main,TRAIN_000026,7.596139213778834,8.211930134772995,0.21153760081051964,0.25306950412578405,0.9252928531803163,34.15569136686643,33.37473156312082,0.9781848145515838,0.950932502746582,34.205911332063,33.39612240912763,0.9783574090193767,0.9513258337974548,34.384353349530116,33.93022604284633,0.9814668621332066,0.9816092252731323,0.04906749725341797,0.048674166202545166,0.018390774726867676
main,TRAIN_000026,18.64233371542901,18.435337721920956,0.8613137479664125,0.14977960780793725,0.3671156583634036,21.717321332567828,19.459692112906602,0.4828332345266184,0.640026867389679,25.941894662075438,20.958987332907387,0.6530580826151973,0.7066256403923035,26.570331435016527,21.618607673431587,0.6968273880725844,0.8052378296852112,0.35997313261032104,0.29337435960769653,0.19476217031478882
main,TRAIN_000026,12.393772387225303,10.696474705186402,0.49375131689560603,0.9487859415919863,0.8950884532980689,25.60623840019789,23.772020670559787,0.7328533192801789,0.9119393825531006,29.20390402808564,26.087993640016705,0.8443850481796075,0.9633808732032776,29.788393320787794,27.30210251763357,0.8823399066172913,0.97843337059021,0.08806061744689941,0.03661912679672241,0.02156662940979004
main,TRAIN_000080,5.801371947183276,5.988030341813735,0.10596305571666331,0.047267554371525335,0.98430229662871,42.782369980126056,43.04284837888894,0.9947516601400885,0.9909057021141052,42.782405932261696,43.042928822737665,0.9947516594538857,0.9909061789512634,37.633510287526086,37.22741726538353,0.9888062758994532,1.0257949829101562,0.009094297885894775,0.009093821048736572,0.02579498291015625
main,TRAIN_000080,9.718930578839744,7.887851972776454,0.3364076811082203,0.5912867843381332,0.8456420636766984,28.445896310572763,26.11251805807171,0.9152026624060038,0.8748885989189148,29.504970691991236,26.606458517300844,0.9306324430540305,0.8762161731719971,30.99394544532627,28.572215765237246,0.9535260887280753,0.9308436512947083,0.1251114010810852,0.12378382682800293,0.06915634870529175
main,TRAIN_000080,20.312200085780283,19.239619054466008,0.9595411815164872,1.80871324071449,0.5131179333967504,20.310937699337508,17.891982904875995,0.153729962648822,0.5927847027778625,25.211916900753934,20.688004410788025,0.33523970335156855,0.6877354979515076,25.526695771158067,21.16280038013749,0.3556503901886609,0.7941985726356506,0.40721529722213745,0.31226450204849243,0.20580142736434937
main,TRAIN_000142,4.317545841035194,3.874965943385612,0.018679167119717288,0.39639611235409045,0.999562908023639,42.22714251995999,43.3247760101969,0.9992415341174635,1.0025224685668945,42.22714307691663,43.32482740866088,0.9992415344530658,1.0025219917297363,38.09813613213733,37.48347823109938,0.9841137273982452,1.0379611253738403,0.0025224685668945312,0.002521991729736328,0.03796112537384033
main,TRAIN_000142,11.390383615184724,10.576855688264603,0.4347284479520426,0.4910220011417261,0.9090927023847314,27.149885067994614,26.81706547080578,0.7515688621767009,0.9307692646980286,31.9508824265626,30.858867688461117,0.8583291008695559,0.9893479347229004,32.15501971983562,31.59473973241638,0.877360847201595,1.0084106922149658,0.06923073530197144,0.01065206527709961,0.00841069221496582
main,TRAIN_000142,4.951942353264209,2.4752689039820264,0.05599660901554171,0.5218091189650019,0.9967556280359245,38.71310195659338,38.1207217164164,0.9906662237516728,0.9897961616516113,38.713102821012455,38.120808924385315,0.9906662221934549,0.9897966384887695,33.76981122714337,30.68561568879182,0.9838833605715163,0.9140586853027344,0.010203838348388672,0.010203361511230469,0.08594131469726562
main,TRAIN_000152,13.55545984195193,11.87006336868348,0.5620858730559959,0.4381031462350071,0.7339777778800294,25.881428114301418,24.44314626355141,0.8005782786164084,0.812090277671814,28.471848544527163,26.152091963961873,0.8647992480610045,0.8663409352302551,29.083624832683054,27.238608207068516,0.8949933271201024,0.8809399008750916,0.18790972232818604,0.13365906476974487,0.11906009912490845
main,TRAIN_000152,17.716895750392727,15.601418552923402,0.8068762206113369,0.5705469208627314,0.45541148183198943,21.60320671370917,19.24995754277838,0.6182518937961712,0.6151683330535889,24.746096498661082,20.966356344178966,0.7746223452583743,0.692995548248291,25.227480081404394,21.68989278858763,0.8231054247816935,0.7141603231430054,0.38483166694641113,0.307004451751709,0.28583967685699463
main,TRAIN_000152,10.5301315654286,9.669701803218052,0.38412538620168246,0.10141315299568808,0.8098315290101132,30.185179706423895,28.86327286017499,0.9191069833758407,0.8710851669311523,30.995956044108674,29.578265014404977,0.9348808704595152,0.9016333222389221,31.456655432519863,30.608337219042966,0.9449127390210983,0.9206449389457703,0.12891483306884766,0.09836667776107788,0.07935506105422974
main,TRAIN_000245,18.565306242212674,18.029286860836343,0.8567827201301573,0.5325871896506799,0.5483689742138241,22.008607296447458,20.236349736189766,0.4859046203789025,0.6868436336517334,27.815766301293902,23.141640799841824,0.7561109337824001,0.7962120175361633,28.35568608115258,23.71070984567931,0.8072702797409886,0.8277433514595032,0.3131563663482666,0.20378798246383667,0.17225664854049683
main,TRAIN_000245,14.528072699967888,13.822648239495264,0.6192983941157582,0.43597199425314326,0.8895550602614679,25.22366202787314,24.869064079878058,0.7695485548888624,0.9161895513534546,31.655889376226494,30.138135228524728,0.9115577953314116,0.9934713840484619,32.23908998760315,30.819733275764342,0.9326922838806743,0.9919319748878479,0.08381044864654541,0.006528615951538086,0.0080680251121521
main,TRAIN_000245,9.372172471219649,7.917063552894943,0.3160101453658617,0.7790110776471185,0.8915419230458392,28.541402183472687,26.870616160517425,0.844011775506403,0.9093040823936462,31.96937075854912,29.17903690537978,0.915042185243732,0.9277790188789368,32.90094549263238,30.835154073326457,0.9377989773393743,0.9612991809844971,0.09069591760635376,0.07222098112106323,0.03870081901550293
main,TRAIN_000304,14.279672344184723,13.695412437379936,0.6046866084814543,0.6907291040743094,0.6401329551234711,23.829533700710964,22.143765609372807,0.5772780094609263,0.7681061029434204,28.86501733001495,25.75405160511398,0.7556971895016092,0.8399226665496826,29.283825333023863,26.667891197267043,0.7768230577222591,0.8453654646873474,0.2318938970565796,0.16007733345031738,0.1546345353126526
main,TRAIN_000304,19.471671440753067,19.33940926211473,0.910098320044298,2.6119773823714922,0.6613347861506857,21.15800583549225,19.361502816526883,0.1862812967426598,0.715282142162323,27.21123299429497,23.859245134155138,0.4922740550228245,0.8330944776535034,27.48832440095738,24.454405803270255,0.5237257282751238,0.8651412725448608,0.284717857837677,0.16690552234649658,0.13485872745513916
main,TRAIN_000304,6.378207199521748,6.302360941693293,0.1398945411483381,0.2837976474347924,0.9789952941892467,34.2180376259269,34.24214358444673,0.9628155371402444,0.9876536726951599,34.52102843094971,34.41220068852586,0.9641058894709204,0.9875388741493225,35.28043613932479,34.15735370103255,0.9618254269781286,1.0362595319747925,0.012346327304840088,0.01246112585067749,0.03625953197479248
main,TRAIN_000337,14.878885175892531,14.09399356091537,0.6399344221113253,1.2473688344319136,0.6707595169909208,23.82483262235945,22.31299057944934,0.38672046223045003,0.8289721012115479,28.873086869350942,25.446593681765698,0.5749335114546199,0.8889963626861572,29.088908425517886,25.83717090299553,0.6021118831938252,0.8987460732460022,0.17102789878845215,0.11100363731384277,0.1012539267539978
main,TRAIN_000337,14.98430941323039,14.246524385698645,0.6461358478370818,1.2469165165316092,0.6654286412497674,23.87031232017797,22.205856713255777,0.4466246219408426,0.7732421159744263,28.901824596399518,25.204866916009955,0.6258444135879634,0.8696033954620361,29.21321022648309,25.788881633481186,0.6637461324699703,0.8768466114997864,0.22675788402557373,0.13039660453796387,0.12315338850021362
main,TRAIN_000337,9.390752536059857,9.35583850378521,0.3171030903564622,0.30471735897255914,0.9933417404694393,29.291865676743846,29.32742764773428,0.9296760433297063,0.997936487197876,32.37219355398199,32.00855295686343,0.9460734206836525,1.0179786682128906,32.786454464814334,32.20435877202129,0.9574269679355017,1.0240459442138672,0.0020635128021240234,0.017978668212890625,0.024045944213867188
main,TRAIN_000417,13.936303617859405,12.869895445502861,0.5844884481093767,1.158834934044425,0.9660928676795874,24.699391837534396,23.883136180878793,0.563185506923757,0.9800578355789185,29.652705489255048,28.119586654457393,0.8049094560987431,1.0341709852218628,30.133696378111054,28.756938525352957,0.8383321632742201,0.9996844530105591,0.019942164421081543,0.03417098522186279,0.00031554698944091797
main,TRAIN_000417,17.346965554212236,17.39836338962565,0.7851156208360139,0.1496364233204171,0.8717315019130346,23.690153165459368,23.582056235538147,0.6038449126582942,0.9537476301193237,31.389380609508464,30.098916559373883,0.8190053053678871,1.0247308015823364,32.20610687717058,30.823304028646362,0.8600608510188624,0.973321795463562,0.04625236988067627,0.024730801582336426,0.02667820453643799
main,TRAIN_000417,5.329188094216581,6.018199145540174,0.0781875349539165,0.2322766383221759,0.985754261532254,40.83223151885238,41.24705887300009,0.9954422060774203,0.9990353584289551,40.832254295449324,41.24709381909635,0.9954422457271916,0.9990353584289551,36.44202879004862,36.02953609945618,0.9827779035348656,1.0231684446334839,0.0009646415710449219,0.0009646415710449219,0.023168444633483887
main,TRAIN_000420,14.623520209339082,13.23614305431663,0.6249129534905342,0.8700477255315995,0.7510197317132528,24.454937382254933,23.630451923119928,0.38598919527065545,0.7937134504318237,30.137121752742104,27.561183743979733,0.6386286135733072,0.8865535855293274,30.500097109490923,28.355769983642055,0.6744236997782554,0.9367237687110901,0.20628654956817627,0.11344641447067261,0.06327623128890991
main,TRAIN_000420,10.161482577682243,10.105092911109962,0.3624401516283673,0.15743377352867316,0.865204153298823,29.680777170365133,29.210827094611886,0.8294368241257807,0.8979931473731995,32.79410764596588,31.591038864423453,0.9016455501451279,0.9586262106895447,32.76129894354112,31.779523814690343,0.9088993678543034,0.9874824285507202,0.10200685262680054,0.04137378931045532,0.012517571449279785
main,TRAIN_000420,17.12046644772545,17.039224968848462,0.7717921439838499,0.20247175778764775,0.5593696857952135,22.895092352441765,22.038381138522425,0.4194205566081146,0.6587397456169128,28.32676348819203,25.258802437004384,0.5967209714635499,0.7297335267066956,29.01306257072859,26.060138543383044,0.6394903165703255,0.8248170018196106,0.34126025438308716,0.27026647329330444,0.1751829981803894
hn,TRAIN_000006,11.087920768630108,11.059631485629453,0.41693651580177105,0.1518296677891885,0.849051373662111,27.307580476542242,26.911288616784176,0.8273084460258354,0.8957337737083435,32.28653115877613,31.38192872176625,0.9024855994077408,0.951852560043335,32.72129852077876,32.41483483279,0.921604462267651,0.9683330059051514,0.1042662262916565,0.04814743995666504,0.03166699409484863
hn,TRAIN_000006,14.042685827904487,13.287946242718432,0.5907462251708522,0.8514610564708452,0.7036659366392757,23.75814863565018,22.115284122899624,0.580061854899399,0.8027119636535645,28.46696041013736,25.61065644206305,0.7574614064855516,0.8701425194740295,29.012354500863328,26.63015261522768,0.7898133860470146,0.8867278695106506,0.19728803634643555,0.12985748052597046,0.11327213048934937
hn,TRAIN_000006,16.761196377356402,16.184955920741498,0.7506586104327295,1.7801655323990615,0.9981093153875417,22.645586041162836,21.851314940266114,0.3522397295642332,0.9376338720321655,27.81907368880351,27.049814258437266,0.6248327825780585,1.008612871170044,28.176308233185104,27.21307465934828,0.6512176065514662,1.0125809907913208,0.06236612796783447,0.008612871170043945,0.0125809907913208
hn,TRAIN_000006,13.777418381155352,13.439985023460988,0.5751422577150207,0.1949004990563963,0.6681299081664427,24.988502156369023,23.937788805861487,0.6498770592112637,0.7707608342170715,31.254746764053568,28.61286666056405,0.8286930951107907,0.8690290451049805,32.128481212092495,30.289552991117127,0.8568154076391004,0.8994059562683105,0.22923916578292847,0.13097095489501953,0.10059404373168945
hn,TRAIN_000006,17.903086310312,17.282649618797137,0.8178286064889411,1.9394943979174506,0.6593608232463881,21.694789357681742,19.695775794275775,0.25234629949572,0.7181694507598877,27.31574273256956,23.525939128397155,0.5491417753195458,0.8450347781181335,27.689509861586814,24.09499837288458,0.587350644583654,0.8658764958381653,0.2818305492401123,0.15496522188186646,0.13412350416183472
hn,TRAIN_000006,13.10167191290414,12.305952176294737,0.5353924654649493,0.5059490431699594,0.8571388484761602,25.953781296092984,25.450804863906512,0.7449482225148064,0.8984529376029968,32.423380060595946,31.195332339759368,0.8744860522979298,0.9820024967193604,32.865140370656746,32.20555752979206,0.8998368278856258,0.9919202327728271,0.10154706239700317,0.01799750328063965,0.008079767227172852
hn,TRAIN_000011,11.144533366708316,9.229916939991282,0.4202666686299009,0.8474911219272733,0.8153877171151865,26.93291944552895,25.448462057238075,0.7025599144587196,0.877898633480072,30.233140208439735,27.74626836120211,0.8480061938725079,0.9092285633087158,31.180732969376706,28.742960732622173,0.8918725227968283,0.9374731183052063,0.12210136651992798,0.09077143669128418,0.0625268816947937
hn,TRAIN_000011,17.833356425990708,16.711573124918257,0.8137268485876887,2.062184059792999,0.7883619878847008,22.488571484009658,20.995806316043254,0.20886513165850173,0.832841157913208,28.868732146667192,25.335910300096373,0.604363053584381,0.9554732441902161,29.38453269096625,26.180597402917478,0.6880399965061774,0.9713401794433594,0.167158842086792,0.044526755809783936,0.028659820556640625
hn,TRAIN_000011,16.408717910797026,15.054821250070246,0.7299245829880604,1.7380729609046164,0.5622056616255809,22.303888412467053,20.070781397683326,0.27382198097086147,0.6863008141517639,27.379147508644127,23.18786289782922,0.6301615942588257,0.7853657603263855,28.04355373283297,23.96790342386396,0.7051300686013813,0.8104827404022217,0.3136991858482361,0.2146342396736145,0.18951725959777832
hn,TRAIN_000011,19.699921932918603,18.785212141103933,0.9235248195834472,2.516204626612128,0.9729203142150054,22.086360306579486,21.37203187412219,0.12131012820081688,0.9417537450790405,29.63906125353702,27.794747961390467,0.5482807982741754,1.0743334293365479,30.15812855945988,27.741324890332855,0.6165218168465662,1.0510480403900146,0.05824625492095947,0.07433342933654785,0.05104804039001465
hn,TRAIN_000011,19.9885432343725,19.237468482667353,0.9405025431983822,1.5473274063806823,0.5945320034329872,21.126914053064784,19.615650594253083,0.21998620803757327,0.7470481991767883,27.871954130540715,23.959312220782905,0.5704706413469716,0.8614929914474487,28.241299143324348,24.38972873132201,0.6306437253670244,0.8650912046432495,0.25295180082321167,0.13850700855255127,0.1349087953567505
hn,TRAIN_000011,14.302943054964702,12.946167927492784,0.6060554738214531,0.7314706842250746,0.9345562870450882,24.870476158367847,24.505979783093284,0.5634669761139913,0.956234335899353,30.287555698645406,28.37956111460477,0.7823156095031697,1.027524709701538,30.656353502963547,29.036502711660237,0.7983255150746292,1.0218796730041504,0.04376566410064697,0.027524709701538086,0.02187967300415039
hn,TRAIN_000026,16.28067897970932,15.1931025925479,0.7223928811593717,0.7902595616465806,0.8127117830559838,23.63142784329297,22.217317803145722,0.6146220634310511,0.8575595021247864,28.872980393126262,25.28736654624836,0.7993350482423446,0.9503047466278076,29.393004594338894,26.36856733004391,0.8463562985389284,0.9657738208770752,0.14244049787521362,0.04969525337219238,0.034226179122924805
hn,TRAIN_000026,16.75466418566772,15.480358751870881,0.7502743638628071,1.9851901318431016,0.6964375571316855,22.440386761024655,19.672567521268817,0.23314137517761455,0.8133862614631653,26.89087944601885,22.024431791996232,0.5181837884795516,0.8777757883071899,27.2928828204586,22.684685341680805,0.5681286359245099,0.9461624026298523,0.18661373853683472,0.12222421169281006,0.053837597370147705
hn,TRAIN_000026,14.638376159733939,13.38073189238521,0.6257868329255258,1.194182664989458,0.7394653707625353,24.379524329085815,22.435570797966186,0.4401844174914875,0.8118973970413208,29.733196590441523,25.474778163491276,0.7115633224713448,0.9148173928260803,30.18006898460907,26.213199318561227,0.757777391640447,0.9297861456871033,0.1881026029586792,0.08518260717391968,0.07021385431289673
hn,TRAIN_000026,12.176094899348808,12.515630805784165,0.48094675878522397,0.07014685890899826,0.7499804526806104,26.531115730262833,24.819564377402436,0.8683265928016966,0.8303099274635315,29.125598688457135,25.697517949351813,0.9221881003288276,0.8731390237808228,29.901861190762844,27.148702123098243,0.9492731083008015,0.8842613101005554,0.1696900725364685,0.12686097621917725,0.11573868989944458
hn,TRAIN_000026,14.39849657210884,12.934159507843882,0.6116762689475789,1.1937814409921963,0.6599727427530603,23.506250069863015,20.462235124045854,0.5016843119912182,0.7703964710235596,27.139076244314015,22.261796533649097,0.7308827461942683,0.8411195874214172,27.68565048077791,23.151583330064554,0.7868428680983787,0.8581816554069519,0.22960352897644043,0.15888041257858276,0.1418183445930481
hn,TRAIN_000026,15.2813519581915,14.127738167454957,0.6636089387171471,1.5483998093260345,0.830154507927113,23.786445632007283,21.7368384795439,0.3323341499332792,0.8435238003730774,28.830198729222772,24.964547993350802,0.6225248104346695,0.961678147315979,29.141865764132525,25.414013599352458,0.6649084610682028,0.9729619026184082,0.1564761996269226,0.038321852684020996,0.027038097381591797
hn,TRAIN_000080,13.50067275346471,11.795244396101195,0.558863103144983,0.6262058510180019,0.9481294163679954,25.915670358941604,25.36367459733134,0.7628781229050755,0.954911470413208,30.751387950485245,28.87602376248713,0.8703784831410772,1.0361437797546387,31.173509648552326,29.925387850851134,0.9018248018258477,1.038220763206482,0.04508852958679199,0.03614377975463867,0.038220763206481934
hn,TRAIN_000080,13.338760977853088,11.812936772772185,0.5493388810501817,1.086495713167768,0.8022911183463401,24.553692218369182,22.001663928235008,0.6422911509280909,0.836789071559906,28.275029039780748,24.10277147826127,0.8093328081977529,0.9108905792236328,29.01007488932776,25.542484491056282,0.8539532880552636,0.9442074298858643,0.163210928440094,0.08910942077636719,0.05579257011413574
hn,TRAIN_000080,11.77823153779119,11.412587542705378,0.45754303163477583,0.17148763500075384,0.9308222426913192,28.028124286869712,27.873200076068624,0.8835706905659043,0.948870062828064,32.35164482944358,30.886229793194474,0.9342933838864713,1.0181432962417603,32.92528142850145,31.8125566876573,0.9513653744393221,1.0115258693695068,0.051129937171936035,0.018143296241760254,0.011525869369506836
hn,TRAIN_000080,16.75235523170953,15.514103358410468,0.7501385430417371,0.612907206465214,0.9867562276951303,23.88577397800431,23.641979615919006,0.7207596139159036,0.9812231063842773,29.3139735768465,27.873033939445456,0.8505905782624799,1.0965065956115723,29.68914367667114,28.8755470280929,0.8892491892978654,1.0905135869979858,0.018776893615722656,0.09650659561157227,0.09051358699798584
hn,TRAIN_000080,18.357169275821853,17.432450164722287,0.8445393691659914,0.5084437905650013,0.8339224070073998,22.816863689300586,22.134654937096848,0.6879405402419837,0.870296061038971,28.18813551595596,25.50924532336711,0.8282900736365529,0.9784835577011108,28.784182248288865,26.593178938739545,0.8722344131189598,0.9795951247215271,0.12970393896102905,0.02151644229888916,0.0204048752784729
hn,TRAIN_000080,16.324558296962433,15.26486042907227,0.7249740174683784,1.8105636945347907,0.8239996864608761,22.653791304895407,20.399624067174944,0.24424682814615756,0.812330424785614,27.37308141214902,23.50974980228198,0.5063989966364929,0.9551246762275696,27.565618413789768,24.027508142268005,0.5482073391254672,0.9742192625999451,0.187669575214386,0.04487532377243042,0.02578073740005493
hn,TRAIN_000142,10.808872920001347,9.633353463629664,0.4005219364706675,0.9538494047283805,0.8153934526963633,26.878670148271038,25.286076946087913,0.6845794091199698,0.8447194695472717,31.131319465822706,28.355410976766557,0.8342388823916849,0.8935632705688477,32.04058419293705,30.429451550932143,0.8653680558976982,0.9355353713035583,0.15528053045272827,0.10643672943115234,0.06446462869644165
hn,TRAIN_000142,19.576889394254927,18.84151442185506,0.9162876114267604,0.4985553439247281,0.530689018391103,21.855667488978767,20.755866821132727,0.3546068126741543,0.6365678310394287,29.667312409192217,26.15607689289783,0.6493010304475779,0.7977873086929321,30.12696559277842,27.090835670439386,0.6759289482451408,0.8545695543289185,0.3634321689605713,0.20221269130706787,0.14543044567108154
hn,TRAIN_000142,16.24623344687337,15.940453864014012,0.7203666733454922,0.22511378082868394,0.5550210206129003,23.3645548836666,22.34175696695513,0.41435283578257587,0.6490738391876221,30.200989163000788,26.786072623733848,0.6439545175319972,0.7715092301368713,30.702070376104395,27.803005351099188,0.6746477739742189,0.8274956345558167,0.35092616081237793,0.22849076986312866,0.17250436544418335
hn,TRAIN_000142,16.471948999595597,15.83200764022369,0.733644058799741,1.860612875935181,0.7810861374111644,22.964792936503528,21.29666639745085,0.26352555095374175,0.7781661748886108,29.134593159189336,26.151598657252606,0.6095044801751958,0.9178096055984497,29.384119918589327,26.63604755862087,0.6359666292866024,0.9377617239952087,0.22183382511138916,0.08219039440155029,0.06223827600479126
hn,TRAIN_000142,11.55236624548634,10.979815014018667,0.44425683796978466,0.38919377194473254,0.8101894217569232,27.278163321069716,26.623926680832987,0.7407891988054256,0.8612101078033447,32.83498322005608,30.924864305554284,0.8746683280415133,0.920698881149292,33.180035599438476,32.3459464258447,0.8908392216530494,0.9617312550544739,0.13878989219665527,0.07930111885070801,0.03826874494552612
hn,TRAIN_000142,12.582066086767277,12.19903298573423,0.5048274168686634,0.47228220461537784,0.909059592961808,26.324299133534836,26.060539927570332,0.7467793349846222,0.9332018494606018,31.613532248161825,30.536397822062536,0.8651155374269381,0.9901544451713562,31.923114284399073,31.37406768998258,0.8873920344360929,0.9936618208885193,0.0667981505393982,0.009845554828643799,0.006338179111480713
hn,TRAIN_000152,15.50103744614894,13.123880661371427,0.6765316144793494,1.4278966035741325,0.7404303327707891,23.65493580860171,21.477005351314133,0.4551868294493824,0.78244549036026,27.77414422832472,24.283270586016094,0.7179086291528285,0.8781909346580505,28.207766626463858,25.154865386506454,0.7592320243014189,0.9096149802207947,0.21755450963974,0.12180906534194946,0.09038501977920532
hn,TRAIN_000152,19.396687299442625,17.646642025757615,0.9056874882025073,1.7747508877872733,0.9156147509125638,21.82370619882032,20.35171842499579,0.29791682779368023,0.8866047859191895,26.69510134399601,24.510475897181323,0.6241941239329694,1.0228493213653564,26.94296936895401,24.625243880422794,0.6568538733730975,1.0198966264724731,0.11339521408081055,0.022849321365356445,0.019896626472473145
hn,TRAIN_000152,12.069380353391894,8.870783467932895,0.4746694325524644,0.9432387801136545,0.9437519911800754,26.1526124503354,24.961511675662607,0.798587520175674,0.9529599547386169,28.245417072992144,26.710656778295196,0.847581852748096,0.9783006310462952,28.63668258380725,27.938778111627293,0.8789701068418093,1.0138719081878662,0.04704004526138306,0.021699368953704834,0.013871908187866211
hn,TRAIN_000152,11.005505493683524,7.932633636160423,0.412088558451972,0.49461644780739633,0.8866799295274813,29.643088982835074,28.633716004393783,0.917501833822209,0.9198480248451233,31.015203065415562,29.78045220858215,0.9365016609961629,0.9328100681304932,31.32876125290501,30.94622767735904,0.944150001162533,0.9758708477020264,0.08015197515487671,0.06718993186950684,0.024129152297973633
hn,TRAIN_000152,15.976716420002807,13.7840425771741,0.7045127305884005,1.4082048552654294,0.6965509569835713,22.578835405166785,19.970307753773977,0.4872529682128095,0.7724664807319641,26.009176350455903,22.286632002518303,0.7023610807723709,0.8575626015663147,26.47153443841802,23.151809432520896,0.7535564307578513,0.8758324980735779,0.2275335192680359,0.1424373984336853,0.12416750192642212
hn,TRAIN_000152,18.643530182933254,16.50855971269304,0.8613841284078385,1.5585721457907178,0.4868415227567666,20.77889421003302,18.135778724262835,0.2832637004969514,0.6256069540977478,24.489299057228532,20.258556062969262,0.5180788071196245,0.7147430181503296,24.893810516479217,20.82113387993526,0.5692697393895813,0.7483760118484497,0.3743930459022522,0.2852569818496704,0.2516239881515503
hn,TRAIN_000245,12.459894007805024,11.453350846423483,0.4976408239885308,0.7090647781307448,0.7285669246264921,25.638658091521968,23.540811298590782,0.7207721476251111,0.8106003999710083,30.42440981809548,26.529041266062833,0.8870009154211309,0.88538658618927,31.037389243375983,27.47118411467815,0.9167018557272049,0.8978409767150879,0.1893996000289917,0.11461341381072998,0.10215902328491211
hn,TRAIN_000245,12.162427500796744,10.997978932895347,0.48014279416451433,1.0559758850625407,0.95999490215238,26.05843677881912,25.146050341448944,0.6078490869390659,0.9450315833091736,31.143011308124755,29.296364211016396,0.8004848174414106,1.0031968355178833,31.763319927197216,30.237969976266506,0.8393324444609089,1.0487089157104492,0.054968416690826416,0.0031968355178833008,0.04870891571044922
hn,TRAIN_000245,14.72186947614333,14.725749830804176,0.6306982044790195,0.01591626660335341,0.6428949653914297,24.373372733413305,22.869988431441918,0.7076381230749571,0.7463257312774658,29.41125779128566,25.423816069315937,0.8761313150975447,0.809026837348938,30.014076567770566,26.311474583823674,0.9142027834488462,0.8255558013916016,0.2536742687225342,0.190973162651062,0.17444419860839844
hn,TRAIN_000245,18.596189721257872,17.987598853662405,0.8585993953681101,1.8265653116957778,0.4109516878898295,21.605279191842655,19.222457532120135,0.1324106705553307,0.5463435053825378,27.422231219653106,22.115885673029116,0.36899573061098245,0.6199136972427368,27.88902578832909,22.418615864173912,0.43624482737330234,0.7034521698951721,0.45365649461746216,0.3800863027572632,0.2965478301048279
hn,TRAIN_000245,16.169439453216114,15.157242762201088,0.7158493796009477,0.9752241568286769,0.9563205530732525,23.890464001922286,23.278748201349984,0.5557875360137843,0.9473280906677246,30.64817626097046,28.899980043367222,0.8285481169772902,1.049183964729309,31.355814384948978,29.569746063133003,0.8685252551658428,1.0472899675369263,0.05267190933227539,0.04918396472930908,0.04728996753692627
hn,TRAIN_000245,15.527888482841181,14.747968164297978,0.6781110872259518,1.2352906634691905,0.8773019050293154,23.651374663413325,22.035061848611846,0.5018709257698469,0.8752576112747192,29.304362125411068,25.97623029279264,0.8086565790476614,0.9525828957557678,29.840256442928222,26.469837955991252,0.8458786068502511,0.9613975882530212,0.12474238872528076,0.04741710424423218,0.03860241174697876
hn,TRAIN_000304,20.18380806906164,19.459151290046712,0.9519887099448023,2.104782436196308,0.36884600244907995,20.95558075024321,19.153317182668207,0.14522388203621814,0.5838316082954407,27.52260776112881,23.05677298215372,0.39923037129649996,0.6810941696166992,27.855665600747102,23.453069169232133,0.42679441731759676,0.7259446382522583,0.4161683917045593,0.3189058303833008,0.2740553617477417
hn,TRAIN_000304,18.664347395985217,18.6180726984221,0.8626086703520717,0.3329646750497234,0.4758345551693063,21.822678878589358,20.82754109374331,0.355516787695858,0.6714268922805786,28.470195655767448,25.328847573111645,0.5503310099143262,0.7630200386047363,28.71386293839373,25.887854320603264,0.5657427328576644,0.7937307953834534,0.3285731077194214,0.23697996139526367,0.20626920461654663
hn,TRAIN_000304,12.695320087615492,11.817804898152048,0.5114894169185584,1.013363140130686,0.9444285120708286,25.659770938258465,24.905201094623358,0.7122945910447043,0.944812536239624,30.883945115041136,29.81801238118895,0.8347571890322518,0.9987443685531616,31.259748237719013,30.941932564228306,0.8562412206548713,1.007506012916565,0.05518746376037598,0.001255631446838379,0.007506012916564941
hn,TRAIN_000304,13.288311218020834,12.653079349583706,0.5463712481188726,1.036205716035734,0.9977436158507003,25.521840317031177,25.25406556914414,0.5871881734926369,0.9768385291099548,31.71313013073814,30.905422879427363,0.7832044427712099,1.0564723014831543,31.628580987035477,30.94200114213718,0.7997802080200198,1.0779895782470703,0.023161470890045166,0.0564723014831543,0.07798957824707031
hn,TRAIN_000304,14.904989205114568,14.512503882019542,0.6414699532420334,0.48627729798141334,0.9961693918953045,24.85045322545357,24.778392661681327,0.740547089456947,0.9899216890335083,31.172207157914666,30.327560842739764,0.8596500444260011,1.0646337270736694,31.33991197625893,30.838652207728188,0.8780501268876991,1.0471450090408325,0.0100783109664917,0.06463372707366943,0.04714500904083252
hn,TRAIN_000304,16.703428589870647,16.162256854564237,0.7472605052865086,1.1729445679342403,0.7206471041216028,22.776456982530284,21.746901834117818,0.3414596714249972,0.8144975304603577,29.058398962157007,26.757818279965974,0.5777771508391562,0.8943710923194885,29.230409435393433,27.44561474845954,0.5884084007703726,0.925534725189209,0.18550246953964233,0.10562890768051147,0.07446527481079102
hn,TRAIN_000337,20.98248580306546,20.351557993068294,0.9989697531214978,2.823927731031855,0.4914137402164659,20.309900424032847,18.611713130807754,0.09263616706918527,0.6064452528953552,25.664019439911748,22.088054157759004,0.192091286645711,0.6935770511627197,25.732624054258295,22.128494573395695,0.2003177144688158,0.707368791103363,0.3935547471046448,0.3064229488372803,0.29263120889663696
hn,TRAIN_000337,20.52508634542583,19.72027538626466,0.9720639026721077,0.9232585331288313,0.40442614792051174,21.022713308003283,20.01432869497096,0.28038220882219206,0.6534236073493958,27.210737729785393,23.856575884338756,0.41457481401677576,0.7061269879341125,27.285130813076897,23.86040696124457,0.422342254779806,0.6888982653617859,0.34657639265060425,0.29387301206588745,0.3111017346382141
hn,TRAIN_000337,12.6161357316378,11.796077194779306,0.506831513625753,1.1363877077458067,0.8848563153730103,25.01247699797289,23.49623175321903,0.6781265308038057,0.9195234179496765,28.635498179897965,26.170472914381232,0.7657533644401041,0.9652417898178101,29.189550844865472,27.32958019982753,0.8132435690907357,0.9818312525749207,0.08047658205032349,0.03475821018218994,0.018168747425079346
hn,TRAIN_000337,19.677000990440803,18.93500703135046,0.9221765288494591,2.056385779129767,0.7900621170984129,21.5678524443501,20.35785708748216,0.16551919443273483,0.7766969203948975,27.648283032416,24.70348065668916,0.4053784252430027,0.8929017186164856,27.648153848293674,24.792644100447436,0.42636792563939085,0.9633733630180359,0.22330307960510254,0.1070982813835144,0.03662663698196411
hn,TRAIN_000337,11.534308478149622,11.192221801486733,0.4431946163617425,0.08782436923056283,0.9935331896206909,27.631153033781096,27.7179594312857,0.8733723614080352,0.9996687769889832,33.32169995938163,32.87644443691938,0.9176584138374742,1.0479443073272705,33.717388697321326,33.28628730049597,0.9424572564822039,1.0366207361221313,0.0003312230110168457,0.04794430732727051,0.03662073612213135
hn,TRAIN_000337,16.019492190849714,15.241939377508821,0.7070289524029244,1.4809829946819824,0.7596685691829658,22.90747175850742,21.119187506120106,0.41689584581794464,0.8486300110816956,27.33805312184924,23.842573496165915,0.6289689880920472,0.8959933519363403,27.64500787472454,24.356750718656123,0.6632221569422816,0.9321397542953491,0.15136998891830444,0.10400664806365967,0.06786024570465088
hn,TRAIN_000417,20.91086541255035,20.540927080601186,0.99475678897355,1.936628167417718,0.8141418894239181,21.30792939991984,20.346049106094753,0.19405229621295736,0.9134150743484497,28.442698696839585,26.062422465268817,0.4826761551260632,0.971459686756134,28.402350793519304,26.09706901335803,0.5035902675987273,0.9785864949226379,0.08658492565155029,0.028540313243865967,0.02141350507736206
hn,TRAIN_000417,12.969248381777478,13.134094816975297,0.5276028459869104,0.30927930043848456,0.940081965192478,26.528902194668802,26.577342299623254,0.8120918575109974,0.9901155829429626,31.820404952441596,31.252802880164403,0.916090943712796,1.0313360691070557,32.535300959468145,31.831017565006192,0.9365775721885875,0.9957153797149658,0.009884417057037354,0.031336069107055664,0.00428462028503418
hn,TRAIN_000417,15.459679840495221,14.594128049912104,0.6740988141467777,0.6865007897709338,0.7546479447304117,24.173242636376855,23.622059022611722,0.4780947674207032,0.9213132262229919,30.79634733096595,28.39447100618679,0.7049311629323405,0.9594013690948486,31.205138987061297,28.810381991858037,0.7337941625999006,0.9253888130187988,0.07868677377700806,0.04059863090515137,0.07461118698120117
hn,TRAIN_000417,15.19141602201753,15.013961799815448,0.6583185895304429,0.16442583108540307,0.8262500779684023,24.694737166906048,24.48664474343275,0.6485212177166708,0.9427979588508606,30.997895593960184,29.279654059813506,0.8151340629583552,0.9946241974830627,31.74436537200871,30.15487345598651,0.8552831079713934,0.9579246640205383,0.057202041149139404,0.005375802516937256,0.04207533597946167
hn,TRAIN_000417,13.101137614692634,12.030582839530137,0.5353610361583903,1.169032248457933,0.8688434354497914,25.458370441074813,24.396264752410207,0.5655161606155026,0.9470393657684326,30.786073892561184,28.163756456641295,0.8036074169747847,0.984165608882904,31.3616996745086,29.307666541398483,0.8420506407873872,0.9581260681152344,0.05296063423156738,0.015834391117095947,0.041873931884765625
hn,TRAIN_000417,18.513082108370238,18.01599884389764,0.8537107122570728,0.47829812740839556,0.5031438543611668,22.870625577792524,22.214616115872285,0.3514258990586944,0.82990962266922,31.271327616726342,27.365153919566062,0.6206191262864296,0.8758583068847656,31.457940392051466,27.28364172449681,0.6435944048319155,0.8459570407867432,0.17009037733078003,0.12414169311523438,0.15404295921325684
hn,TRAIN_000420,11.296926767375444,11.081863958319827,0.4292309863162026,0.19491826525586156,0.8922964969650681,27.69526912276095,27.63799725693132,0.7476282764561047,0.9113090634346008,31.096217485549648,30.405553629102165,0.8509241322980021,0.9829352498054504,31.397951062128158,30.740094549515025,0.8727781368687103,1.00039541721344,0.08869093656539917,0.01706475019454956,0.0003954172134399414
hn,TRAIN_000420,18.665226943423427,17.427573555824484,0.8626604084366721,1.8250253723948178,0.5125871010012225,22.18778908421306,20.61485883545826,0.10654150484427966,0.647034227848053,29.34932033064306,25.078146666216178,0.4006662230636431,0.7830767631530762,29.8183205704275,25.502655092673447,0.4614171946056087,0.8519691228866577,0.352965772151947,0.21692323684692383,0.14803087711334229
hn,TRAIN_000420,20.816162752672845,20.081179792693735,0.9891860442748733,2.6152347913905967,0.40438416614198874,20.484884637174055,18.405001489488924,0.09046658364686966,0.5406678318977356,26.354406942159816,22.044045240571236,0.31364521020125025,0.6356790661811829,27.320186662981712,22.841453715711406,0.37570553413164526,0.8010982275009155,0.4593321681022644,0.36432093381881714,0.19890177249908447
hn,TRAIN_000420,18.975794035448512,17.715303378232637,0.880929060908736,1.0615241501358454,0.9406329917600662,22.45860831217297,22.06415798028499,0.3518190387247452,0.9383122324943542,29.209696072483283,28.133984531317743,0.7017795360029258,1.086060643196106,29.601768734159258,28.33687645251547,0.7357576774303842,1.0786454677581787,0.06168776750564575,0.08606064319610596,0.07864546775817871
hn,TRAIN_000420,19.55189539158114,18.542269637758377,0.9148173759753612,1.6821721097776838,0.3731402638454951,21.257858332293765,19.68334244080465,0.09877387714030325,0.5434507727622986,27.35338291587084,23.44095043594141,0.2773386238165781,0.6398210525512695,27.68924358034472,23.687065921688063,0.3038759337070686,0.6883339285850525,0.4565492272377014,0.36017894744873047,0.3116660714149475
hn,TRAIN_000420,19.466890214777365,18.116128392264105,0.9098170714574921,1.0414317585744057,0.7406704288191683,21.955574160511944,20.95788417792473,0.3321368144172501,0.8137533068656921,28.65521148980764,26.009046424506863,0.6935911548866774,0.9395103454589844,28.894410064211744,26.273996246661092,0.7291129854548942,0.9462682008743286,0.18624669313430786,0.060489654541015625,0.05373179912567139
hn,TRAIN_000006,15.693489053672279,14.9399317944019,0.6878522972748399,0.6656788867352695,0.5576378627507477,23.297676419525768,21.834845526263614,0.4668045726658055,0.6866011023521423,29.393859242971875,25.886500438239423,0.7220143121229852,0.8009796142578125,30.22722746193513,27.195769494100507,0.7615486358115326,0.8431565165519714,0.31339889764785767,0.1990203857421875,0.15684348344802856
hn,TRAIN_000006,12.281583898110679,11.318151141838774,0.48715199400651055,0.7554286173704795,0.8174700112635759,26.066869003692798,25.008395945994145,0.7154818358389085,0.8662324547767639,31.770737964867124,29.6885410822857,0.8604688095165247,0.9256019592285156,32.48613461109181,31.230047952988244,0.8843683378157031,0.9550910592079163,0.13376754522323608,0.07439804077148438,0.04490894079208374
hn,TRAIN_000006,20.351807181890305,20.014172726217677,0.9618710106994296,2.8528520997755553,0.7897167742989304,20.79633255439888,19.12682849502512,0.12283480807251405,0.7427641153335571,26.705453435394784,23.710857561122385,0.4054275982206727,0.9032561182975769,26.890396288798225,23.679609148129067,0.4385202340692616,0.9080877900123596,0.25723588466644287,0.0967438817024231,0.09191220998764038
hn,TRAIN_000006,14.816491412174937,13.970315180657648,0.6362642007161727,1.1650837859761338,0.6117704501261451,23.34734104604466,21.30600711772216,0.4385926746252968,0.717339277267456,28.528442570746346,24.74676098492145,0.6997949550736,0.8058785796165466,29.14194191094483,25.720060230992964,0.7401260903983169,0.8357727527618408,0.28266072273254395,0.19412142038345337,0.16422724723815918
hn,TRAIN_000006,15.493751274987156,14.743090141480515,0.6761030161757151,0.667412735515015,0.7168653018522239,23.737859958202932,22.60918864383068,0.5807171901086978,0.8075996041297913,30.017599510019124,27.427264866468988,0.7944779503383214,0.9114149212837219,30.63447055033787,28.757755993913893,0.8263462679379339,0.9283373355865479,0.19240039587020874,0.08858507871627808,0.07166266441345215
hn,TRAIN_000006,18.88159723664483,18.21996947973081,0.8753880727438134,0.7895669827074281,0.4990249047734405,21.66515860493859,20.311723769476036,0.35283345070857924,0.6572990417480469,28.288853869775327,24.53843276569225,0.6368314800539517,0.7823740243911743,28.920271551663852,25.349270205342755,0.6686440269108851,0.8195567727088928,0.3427009582519531,0.21762597560882568,0.18044322729110718
hn,TRAIN_000011,13.973990495105495,12.53820120527262,0.5867053232414997,0.8909033870129577,0.7296083975370748,24.85771383660056,23.862445013748562,0.4361414594560775,0.8219666481018066,30.629590185979744,27.692554904107883,0.7270457467194394,0.898772120475769,31.462175168582093,28.716449000738493,0.7719928763392059,0.9348494410514832,0.17803335189819336,0.10122787952423096,0.06515055894851685
hn,TRAIN_000011,18.874418674515745,17.871890738512523,0.8749658043832791,2.4856602198458044,0.6831782703271443,21.57079094169658,19.505496513430806,0.18606389951688065,0.7648409605026245,27.715921203742994,23.41134095727574,0.5652519525504384,0.8737736940383911,27.83796462760119,23.571657370205557,0.6335754769833393,0.8593668341636658,0.2351590394973755,0.1262263059616089,0.14063316583633423
hn,TRAIN_000011,19.903305597295482,19.00950080241158,0.9354885645467931,2.7297382631582257,0.9891373443506393,21.602128464651088,20.695242739445284,0.12475602902023307,0.9415995478630066,27.94908378414521,26.052838486924188,0.45929403983249767,1.057134747505188,28.485502661659588,25.955608743380193,0.5167958957294942,1.0212042331695557,0.05840045213699341,0.05713474750518799,0.021204233169555664
hn,TRAIN_000011,12.429230210504661,11.002499940999359,0.4958370712061565,1.040680097521288,0.9632998628753666,26.2211307510243,25.36819833516883,0.622548932038382,0.9673335552215576,30.94040371431246,28.799543954633116,0.846771878689473,1.019745945930481,31.258678326599156,29.316862762505753,0.8722253761696308,1.0278879404067993,0.03266644477844238,0.019745945930480957,0.027887940406799316
hn,TRAIN_000011,14.386280684394485,13.157611128714443,0.6109576873173227,1.2145739090291297,0.8174013399204595,24.758296250320445,23.54260608891691,0.3829207421660672,0.8687496781349182,31.072866709090086,28.05446600475276,0.7571798936089281,0.9533929228782654,31.504217589898108,28.587628277600142,0.8013895051256119,0.9652425050735474,0.1312503218650818,0.04660707712173462,0.03475749492645264
hn,TRAIN_000011,13.1058486328277,11.53091565098012,0.5356381548722177,1.2560042719793758,0.7042691132244199,24.58697686340779,22.580931686048128,0.48283182477080167,0.7998497486114502,28.884300368881078,25.383261207966555,0.7837458218121611,0.860246479511261,29.29749914374995,25.980604842740046,0.8222476650636303,0.8723686337471008,0.2001502513885498,0.139753520488739,0.12763136625289917
hn,TRAIN_000026,18.714808168982557,18.55378742728622,0.8655769511166209,0.08930226781009183,0.6312161898001724,22.565643242817806,21.40911136149967,0.637305512255116,0.755399763584137,28.03794004391159,23.893216340995398,0.7951309666698185,0.8568034172058105,28.613661935202085,24.700010349345035,0.8496286961052948,0.8807607889175415,0.24460023641586304,0.14319658279418945,0.1192392110824585
hn,TRAIN_000026,11.052817535986243,9.1429439140354,0.41487161976389664,0.9420155013711854,0.8407142521591028,26.372900223132852,23.702388025433862,0.8029535063481441,0.8743435740470886,29.096489104701888,25.268187613572564,0.877685741577779,0.9034489393234253,29.940121107757083,26.894194705116917,0.9152126345037963,0.9428423047065735,0.12565642595291138,0.09655106067657471,0.057157695293426514
hn,TRAIN_000026,20.533479941570423,19.664913362085596,0.9725576436217896,0.7179258861184228,0.5467043387597653,21.49956159426468,20.053354315253916,0.3453862367386733,0.6961467862129211,28.322947196985954,23.8244327922021,0.6022705002998774,0.8188878893852234,28.63908465299541,24.28732735939676,0.6366781167689074,0.9249468445777893,0.30385321378707886,0.1811121106147766,0.0750531554222107
hn,TRAIN_000026,17.234134575680606,16.08433998401295,0.7784785044518002,1.4954992926711825,0.8052694369086326,22.51444726551323,20.244635415798445,0.36110773021400666,0.8276278376579285,27.396213815170697,23.324783231618348,0.6717824689684809,0.9409679174423218,27.65687606256097,23.70734346627767,0.7114223963880631,0.9339087605476379,0.17237216234207153,0.05903208255767822,0.06609123945236206
hn,TRAIN_000026,11.76000724971959,10.235900274279468,0.45647101468938767,0.5536699637670403,0.829128691029521,27.432310002333168,26.380602172046817,0.7967479368222092,0.8751754760742188,31.840792079862403,29.03580150451048,0.8891641046451705,0.9339947700500488,32.474299993064136,30.58125207758001,0.9203643974768956,0.9577476382255554,0.12482452392578125,0.06600522994995117,0.04225236177444458
hn,TRAIN_000026,19.426154752187905,18.266064674476354,0.9074208677757591,0.5260477767872271,0.7050628062273867,22.11190163045825,21.187783129690946,0.5637954512873045,0.7889026999473572,27.98089594235706,24.556911497070875,0.7283662426148697,0.8960039615631104,28.47666585723578,25.212268641839803,0.7822333397962989,0.8990365266799927,0.21109730005264282,0.10399603843688965,0.10096347332000732
hn,TRAIN_000080,19.309472070217307,18.049257062075142,0.9005571806010181,1.613092356305021,0.7996693767772087,21.69270989430411,19.873534664823847,0.2477523473059162,0.7998522520065308,27.533112914767244,23.876334576011693,0.5947696137026414,0.9676353931427002,27.586980246585483,24.619690517991693,0.6310710993476567,1.067870020866394,0.20014774799346924,0.032364606857299805,0.06787002086639404
hn,TRAIN_000080,10.865981858463725,8.918192194040008,0.4038812857919838,0.821936787214628,0.9556003301976229,27.64501015384125,26.318110448919846,0.8145284096123467,0.9483563303947449,31.13658147093302,28.622059959688244,0.8876132785888163,0.9862629175186157,31.700965332320024,30.323169711384175,0.9173380501096141,1.051238775253296,0.05164366960525513,0.013737082481384277,0.0512387752532959
hn,TRAIN_000080,12.9581054491374,12.37023037783233,0.5269473793610235,0.28260401871240465,0.7108848132869954,26.11402246233219,24.79916991522408,0.7547522449840484,0.7769376635551453,30.567635202040787,26.82721012572701,0.8661139143044656,0.8632360100746155,31.383272728122883,28.39526581876552,0.901933138659409,0.8793777227401733,0.22306233644485474,0.13676398992538452,0.12062227725982666
hn,TRAIN_000080,19.991242115798155,18.917317482518783,0.9406613009293032,0.8803433707292877,0.5769553607708966,21.574282906147562,19.98887544030604,0.325495947539236,0.6605330109596252,28.379087016352052,23.905970876540763,0.611133052046088,0.8217697739601135,28.75350075609834,24.821361713422707,0.6416413808618896,0.9553331732749939,0.33946698904037476,0.17823022603988647,0.044666826725006104
hn,TRAIN_000080,10.871789166867174,10.920414835298539,0.40422289216865737,0.22124860745339714,0.8691204681117367,28.690840818700984,27.95671261509633,0.9110601780212657,0.9042884707450867,31.849086099797578,29.707517062474462,0.9460385170662131,0.9509722590446472,32.594139738624044,31.00838511655408,0.9600187973651299,0.9547439813613892,0.09571152925491333,0.04902774095535278,0.04525601863861084
hn,TRAIN_000080,16.35749334560453,15.210814764094092,0.7269113732708549,1.0961450622226454,0.6659884022698144,22.719162816087852,20.19194428239671,0.4627303076889643,0.7340236306190491,27.44074639433334,22.756539558234678,0.7209046790653764,0.8660903573036194,27.92330212299298,23.555271655328834,0.7661388840639964,0.8836067914962769,0.2659763693809509,0.13390964269638062,0.11639320850372314
hn,TRAIN_000142,18.34294509339893,17.629776792086105,0.8437026525528782,2.024814687243115,0.5562923721096508,22.11339415339411,20.489576222474746,0.13989498683576665,0.6314612030982971,29.488538931728545,25.527126097076078,0.4458586771475348,0.7749602198600769,29.978147680742207,26.4670739858079,0.4868433896171029,0.8722259402275085,0.3685387969017029,0.2250397801399231,0.12777405977249146
hn,TRAIN_000142,11.153216840822262,10.773214487623042,0.42077746122483894,0.21451134799562208,0.8531145662613635,27.827719520973723,27.458457823010413,0.7505182745634728,0.8871029615402222,33.95768860773846,32.63234590756119,0.8827654655602363,0.9736713171005249,34.080824362442875,33.19108333075922,0.8996559349843691,0.9902319312095642,0.11289703845977783,0.026328682899475098,0.009768068790435791
hn,TRAIN_000142,19.20423833168988,18.55639610905382,0.8943669606876401,1.610437195316341,0.9090749167756873,22.26732851023343,21.65888260259521,0.24415099739236196,0.888056218624115,29.802291223752945,28.76468089205701,0.6030953034978125,1.0668361186981201,30.116120121414525,28.542102415783205,0.6290318514175097,1.060688853263855,0.11194378137588501,0.06683611869812012,0.06068885326385498
hn,TRAIN_000142,12.563919795459038,11.73845502002815,0.5037599879681787,0.913212686589111,0.8802854758716807,25.813094188002484,24.781334162605923,0.6587140342339506,0.8897784352302551,31.167709294667034,29.38016865720206,0.8364272864768199,0.9720079898834229,31.548711113678557,30.364847543113548,0.857864432371337,0.9799376726150513,0.11022156476974487,0.02799201011657715,0.02006232738494873
hn,TRAIN_000142,15.102709686729852,14.476156249390984,0.6531005698076384,1.2959813203260047,0.7181797533844244,23.817737150027646,22.250859682686727,0.35470315213909703,0.764133095741272,30.06875726124882,26.740071237363367,0.6659795334983067,0.8882564306259155,30.416838130163704,27.553548546430285,0.6962848439968934,0.9127585887908936,0.23586690425872803,0.11174356937408447,0.08724141120910645
hn,TRAIN_000142,18.408173612284973,18.007081252619457,0.8475396242520572,0.3855708526324323,0.6790747975865414,22.74850891682632,22.181696858038524,0.42438368060589166,0.7583541870117188,31.09304415111027,28.651904029348877,0.712105347834898,0.9135615825653076,31.316800865454503,29.505390363046327,0.7341744825978221,0.9834362268447876,0.24164581298828125,0.08643841743469238,0.016563773155212402
hn,TRAIN_000152,18.094123814191406,16.130780175154854,0.8290661067171415,1.16779777094694,0.9315141247802787,22.705654336810422,21.92252439616373,0.4614129837078107,0.9256942868232727,27.69234577779344,26.230705429477773,0.6811254924148501,1.032210350036621,27.943910585356875,26.78580349420033,0.7189795617801448,1.0386067628860474,0.0743057131767273,0.032210350036621094,0.03860676288604736
hn,TRAIN_000152,10.948000688803933,8.713841213819045,0.40870592287081964,0.4282002403423631,0.8255052050577613,29.760801764737792,28.378497001729286,0.9172404739991371,0.8752685785293579,31.08703033645739,29.485370014561106,0.9380682452506252,0.8956668376922607,31.301075979719304,30.45797933223046,0.9438816695115317,0.9250577688217163,0.12473142147064209,0.10433316230773926,0.07494223117828369
hn,TRAIN_000152,12.713551347454393,9.73088776246527,0.5125618439679055,0.9537733043539959,0.8051098281231499,25.225938119608546,22.935788152539104,0.814312403590918,0.8468657732009888,27.42353571808888,24.533149193509853,0.8770424994960332,0.8678041696548462,27.915525502816724,25.539148819695722,0.8986433823177422,0.902655303478241,0.15313422679901123,0.1321958303451538,0.09734469652175903
hn,TRAIN_000152,16.482801305442315,14.352022587003631,0.7342824297319008,1.9168443876709809,0.6102018163505901,21.746479393466597,18.87327326599716,0.25966778884003894,0.6793076395988464,25.044612284740122,20.88526107834173,0.5008519328418337,0.7740048766136169,25.377303164676146,21.430709933825195,0.5478635334198643,0.802182137966156,0.32069236040115356,0.22599512338638306,0.197817862033844
hn,TRAIN_000152,19.42565169175724,19.504290675103963,0.9073912759857198,0.23875004450158502,0.44237048087181374,20.983493636680663,19.11831297226492,0.5924548497474752,0.6123236417770386,24.368135877170157,20.690654600758123,0.7100055781631732,0.7031981348991394,24.779541885289575,21.226406303997734,0.7657035480695178,0.717624843120575,0.3876763582229614,0.2968018651008606,0.28237515687942505
hn,TRAIN_000152,14.31961191768346,11.594344793763543,0.6070359951578506,1.3277758155074812,0.6289081863476462,23.556811904373024,20.7215429601545,0.5128844651537818,0.719934344291687,26.609067278649356,22.667044913406112,0.719386264587901,0.800144374370575,27.236124596855028,23.71534876037298,0.7769763363616945,0.8343076109886169,0.280065655708313,0.19985562562942505,0.16569238901138306
hn,TRAIN_000245,16.654602311371235,15.904229242395633,0.7443883712571314,1.349628769152905,0.7258955581234939,22.836403827957803,20.764134801005724,0.409381540751571,0.7761722803115845,28.640408830479316,24.121469452088103,0.7541003399755787,0.8948149085044861,29.009033070972393,24.53447461282728,0.7950723898175732,0.8957117795944214,0.22382771968841553,0.10518509149551392,0.10428822040557861
hn,TRAIN_000245,16.182622621995367,15.333166887713327,0.7166248601173746,1.6810854448309127,0.544573280586512,22.599443647869442,19.861129557385834,0.22236344339840813,0.6160176396369934,27.831742719583886,22.508119808427498,0.575107337801318,0.7410297989845276,28.262965278920813,22.930827253740077,0.6266908413708214,0.79706871509552,0.3839823603630066,0.2589702010154724,0.20293128490447998
hn,TRAIN_000245,15.474253592051346,14.61670269115953,0.6749560936500791,1.6956879129926747,0.5975619650210112,22.808843380394105,19.873784763294896,0.2761893100141626,0.6811694502830505,27.597824083015517,22.275489003242875,0.6295945114059378,0.7878855466842651,27.993252236488484,22.740678648300676,0.6808792213006106,0.8223291635513306,0.31883054971694946,0.21211445331573486,0.17767083644866943
hn,TRAIN_000245,17.48853745894711,16.537424882495504,0.7934433799380654,0.9073177178417565,0.6747557488405143,22.45719390295374,20.57695652542035,0.4957111618385118,0.7501704096794128,28.288508168122263,23.803092112100202,0.7905299764570346,0.8299207091331482,28.730746948663914,24.313005418921172,0.839726201894375,0.8446454405784607,0.24982959032058716,0.1700792908668518,0.1553545594215393
hn,TRAIN_000245,11.563209740267567,10.452229274876704,0.44489469060397446,0.7253682276473303,0.8296614993596947,26.18227781459465,24.647221102996234,0.7490366243819032,0.8843751549720764,30.35669925071652,27.533225146706588,0.8694416271772146,0.9354337453842163,30.967299872062387,28.577666792123036,0.8985560910361563,0.9539079666137695,0.11562484502792358,0.06456625461578369,0.04609203338623047
hn,TRAIN_000245,12.665007676310953,12.762618533269071,0.5097063339006443,0.24258043888469574,0.8286908440971653,26.520706576174476,25.87616467474777,0.8259690042598478,0.8737035989761353,32.39555419764273,30.337773191492182,0.9327600425670992,0.9643226861953735,32.89616855398714,31.086579436735043,0.9507443936312872,0.9484513401985168,0.12629640102386475,0.035677313804626465,0.051548659801483154
hn,TRAIN_000304,12.645483470070229,12.072752993307192,0.5085578511806017,0.8449850173269812,0.8726983021461224,26.022128123284617,25.38419064001748,0.6143823720645611,0.9088623523712158,32.76107555440098,31.33181691855046,0.809206631000538,0.9955893158912659,33.023664433766314,32.20808297031789,0.8274024649046587,1.0094707012176514,0.09113764762878418,0.004410684108734131,0.009470701217651367
hn,TRAIN_000304,17.19228366904038,16.841075440244133,0.7760166864141399,1.838850680307373,0.5742581445770499,22.519888073142035,20.79845683074896,0.23918074742875178,0.6722027063369751,29.174612138461228,25.367780496825738,0.5373631844234595,0.7852595448493958,29.59953860775557,26.19277224018687,0.5577783809560399,0.8588669300079346,0.3277972936630249,0.21474045515060425,0.14113306999206543
hn,TRAIN_000304,16.949647802868615,16.38668549391795,0.7617439884040361,0.5495998289134838,0.6142445761057764,23.13576790876837,22.022305162779524,0.468645207400722,0.7624415755271912,30.694455243929,27.730853956623974,0.738368343962039,0.8744671940803528,31.05800996668083,28.68632659317429,0.7568213357732846,0.8908088207244873,0.23755842447280884,0.12553280591964722,0.1091911792755127
hn,TRAIN_000304,18.019796413047267,17.684311673265686,0.8246939066498391,0.7944341426338183,0.8922840439458539,22.91991690933225,22.593099711496293,0.5513871029876476,0.9402979612350464,30.399445013596015,29.584150183060594,0.774511761194152,1.0327285528182983,30.501183277355587,29.943386593938378,0.7849146140155495,1.0302358865737915,0.05970203876495361,0.03272855281829834,0.030235886573791504
hn,TRAIN_000304,12.855468260525301,12.775449854158486,0.5209098976779589,0.3981228374892591,0.9299835619645997,26.097001991106392,25.984837050600472,0.7955428606379774,0.9558255672454834,31.875416041823918,31.294924587920498,0.8825957856834614,0.9947154521942139,32.099666431275914,31.717364192315813,0.8991842783835529,0.9922515749931335,0.0441744327545166,0.005284547805786133,0.007748425006866455
hn,TRAIN_000304,19.76447646020386,19.448931478764212,0.927322144717874,2.1635081954231126,0.46150722860092713,20.852007485570535,18.792614383007717,0.19610784253751384,0.6384604573249817,26.79350476433292,22.48127059590423,0.47970932593965865,0.7193269729614258,27.34209109008111,23.306969134596937,0.5081895635360921,0.8052861094474792,0.3615395426750183,0.2806730270385742,0.19471389055252075
hn,TRAIN_000337,11.02708127291583,10.366689256493428,0.4133577219362252,0.4554184980343579,0.9851505743776179,27.926337289062882,27.903168290135888,0.9003681194261737,0.9866082668304443,32.454565338111074,32.06208365210361,0.9291340030896154,1.02570378780365,32.77040527509496,32.6005652254226,0.9488879813473684,1.0210273265838623,0.013391733169555664,0.025703787803649902,0.021027326583862305
hn,TRAIN_000337,13.575410748977761,13.389517989135273,0.5632594558222213,0.14141780583976096,0.7348817283111155,25.038951952253633,24.332006695790124,0.7823505549525169,0.8424662351608276,29.370596712998736,27.184918872572897,0.8307784793187951,0.8940173387527466,29.975623402448065,28.44205113737278,0.8806459349189003,0.8689275979995728,0.15753376483917236,0.10598266124725342,0.13107240200042725
hn,TRAIN_000337,16.677072441813333,16.143255188290645,0.7457101436360785,1.6011700663408825,0.7234811970583046,22.855203488494205,21.413546914048922,0.29095379836293783,0.8159735798835754,28.27235539028044,25.091343695764667,0.5054409206723499,0.8767455816268921,28.3358130752111,25.39074350991351,0.5261129876482964,0.9299764633178711,0.18402642011642456,0.12325441837310791,0.0700235366821289
hn,TRAIN_000337,16.64134082601937,15.861231945619094,0.7436082838834923,0.6705757443481349,0.8124367893742097,23.791774372361907,23.190722713549782,0.6064466046197815,0.8929046988487244,30.37904903068292,28.131579099774196,0.7390527930182614,1.0050173997879028,30.99621975272825,29.28025947078485,0.797436146823874,0.9821460843086243,0.10709530115127563,0.005017399787902832,0.017853915691375732
hn,TRAIN_000337,16.66881533230997,15.777827652878074,0.745224431312351,0.9251513998207408,0.5572226204868779,22.638038374836448,20.709730520061285,0.5281279080448783,0.7278773188591003,27.19089050493091,23.226021830594163,0.677180288550614,0.8136128783226013,27.665739483655646,23.999077525904546,0.7329289773847388,0.8207129240036011,0.27212268114089966,0.18638712167739868,0.17928707599639893
hn,TRAIN_000337,18.287580132937066,17.73753585092301,0.8404458901727686,2.3523189764406096,0.7013191469269153,21.29945020664518,19.190034945144237,0.1915706776102098,0.7274542450904846,25.582162625363004,21.99320792188368,0.3973768905871091,0.8361054062843323,25.670002184711286,22.33062654076953,0.41926254469026236,0.8788737058639526,0.2725457549095154,0.16389459371566772,0.12112629413604736
hn,TRAIN_000417,19.79380410154598,18.771901501450717,0.92904730009094,1.864277638609862,0.949578604498839,21.82190024449554,20.950623780703882,0.2411766127615228,0.9397467374801636,28.62138066871204,26.710479089050565,0.5803762532627618,1.0062167644500732,28.507803337637316,26.939315861883767,0.59947294122379,1.0284839868545532,0.060253262519836426,0.006216764450073242,0.028483986854553223
hn,TRAIN_000417,10.824480055196371,9.513243816586805,0.40144000324684537,0.5588172338630826,0.923019008794985,28.01745931383868,27.705529484161623,0.7984749820823166,0.9833428859710693,32.709204178090715,31.515074064156018,0.9025868155026466,1.0044455528259277,33.23593517373246,32.513885131163235,0.9260833333933354,0.9908720850944519,0.016657114028930664,0.004445552825927734,0.009127914905548096
hn,TRAIN_000417,17.986024833879217,17.28847920954392,0.8227073431693657,1.0983537782759831,0.6253970102142283,22.761986536143457,21.79920241215942,0.3279115420771491,0.8852142095565796,30.063830620246485,26.673182206680867,0.6083051575769188,0.9300963878631592,30.24032094063971,26.76174008956362,0.628089372957713,0.910373866558075,0.11478579044342041,0.06990361213684082,0.08962613344192505
hn,TRAIN_000417,14.158561014953863,13.639103087030524,0.5975624126443448,0.483362872293939,0.8193752301768606,25.018806066838142,24.68087198552947,0.6723433150656992,0.9350333213806152,30.23156578334531,28.753845993588033,0.815578735815079,0.9761380553245544,30.721793391737663,29.341236868994216,0.8457012750730901,0.9440479278564453,0.06496667861938477,0.023861944675445557,0.05595207214355469
hn,TRAIN_000417,20.672900502274803,20.18001277673451,0.9807588530749883,2.4653566102178233,0.4702076172009395,20.860081859182,19.351459646834158,0.15749251388194116,0.7963327169418335,27.090275204482953,23.406503436820884,0.3297100625715262,0.8335669040679932,27.045297263570475,23.411310851801023,0.32614111399332996,0.8294240832328796,0.2036672830581665,0.16643309593200684,0.17057591676712036
hn,TRAIN_000417,15.306421284845953,14.656125599042575,0.6650836049909384,0.4837918484816389,0.6395352216947389,24.428640579666975,23.481323378940413,0.5742053904159712,0.8928988575935364,30.27601574084813,27.20065965965979,0.7676459949596434,0.9304839372634888,30.656487586767373,27.673364073258103,0.8085483246239368,0.8991617560386658,0.10710114240646362,0.06951606273651123,0.10083824396133423
hn,TRAIN_000420,14.05975554491766,12.5568493916319,0.591750326171627,0.8799713127121522,0.669310225023491,24.969574586229744,23.73278338194786,0.39637104957959507,0.7748486995697021,30.788717793384347,27.80165568939575,0.712994991666732,0.8858097195625305,31.23680991976379,28.59418958248142,0.7560853433891693,0.9136654138565063,0.22515130043029785,0.11419028043746948,0.08633458614349365
hn,TRAIN_000420,12.686629153993316,10.916011889485906,0.5109781855290185,0.9870387423758906,0.8430318739075354,25.65363665697278,24.323068042921555,0.5930524593977502,0.8689709305763245,29.817516415769383,27.263840005331378,0.8022870053839348,0.9166436791419983,30.348248197107438,28.559297820105797,0.8417340169955737,0.9704339504241943,0.13102906942367554,0.08335632085800171,0.029566049575805664
hn,TRAIN_000420,13.966891607422964,12.309877217263223,0.5862877416131155,0.6419264468080003,0.7019636722874071,24.71476126702798,23.696781471790143,0.5084153359607371,0.7686925530433655,29.263758286748796,26.811040282138872,0.691830185875698,0.845100998878479,29.62372113539271,27.5447812898609,0.7161388406890884,0.8608630299568176,0.23130744695663452,0.154899001121521,0.13913697004318237
hn,TRAIN_000420,16.85286585235421,15.421435064075238,0.7560509324914241,1.7440536861244333,0.6502089150308777,22.741886623777994,20.869320138341156,0.18921794516632084,0.7184045314788818,28.342579077715065,24.635068537253954,0.5590393083719862,0.8590441346168518,28.653189206171007,25.066785519822457,0.6099038716769559,0.9011487364768982,0.28159546852111816,0.1409558653831482,0.0988512635231018
hn,TRAIN_000420,15.348600497197625,13.965445641358128,0.6675647351292721,0.9219988688218459,0.8643467043855612,24.39855779600453,23.935184224629403,0.456374120249011,0.8896905183792114,30.622130889947737,29.155492245778714,0.7618399989577402,1.02654230594635,30.959860833524683,29.534191492563874,0.7940153298729079,1.0407065153121948,0.11030948162078857,0.026542305946350098,0.040706515312194824
hn,TRAIN_000420,16.86554220288005,15.66129522256802,0.7567966001694146,1.3335257023816791,0.5658004565736277,22.145577690792344,20.331006905795984,0.22499201082301223,0.6478195786476135,27.086486995399866,23.43637325158125,0.4665925069436563,0.750307023525238,27.31503122227263,23.733020375616803,0.48644756306875986,0.7698788642883301,0.3521804213523865,0.24969297647476196,0.23012113571166992
hn,TRAIN_000006,14.175665640755867,13.442262848028795,0.5985685671032863,0.804217541436867,0.7121661646755197,23.92429056854383,22.4672851700803,0.5992393648477378,0.7993007898330688,28.87425372115616,26.136228541861414,0.7730255017723674,0.864604651927948,29.42234202788419,27.15875564484621,0.8054666248628086,0.8844802379608154,0.20069921016693115,0.135395348072052,0.11551976203918457
hn,TRAIN_000006,16.317547740762656,15.691476751571374,0.7245616318095679,1.963308532203599,0.5089543778569068,22.13475284194415,19.885206811856182,0.2285125729156137,0.6302839517593384,27.134772144741063,22.9114315080938,0.47280787968248933,0.743522584438324,27.631665748567656,23.588992634948145,0.5108933300975914,0.7880774736404419,0.3697160482406616,0.256477415561676,0.2119225263595581
hn,TRAIN_000006,20.655427535843977,19.9862633661035,0.9797310315202339,2.0573788673452995,0.43088122662553263,20.574775329077532,18.789785814186764,0.14371621435867943,0.570003092288971,26.88796388381936,22.554134636937462,0.38954986266685,0.7163900136947632,27.51742809527442,23.326483202511863,0.43831403768990124,0.7896192073822021,0.42999690771102905,0.2836099863052368,0.21038079261779785
hn,TRAIN_000006,13.030815023978159,12.301441772588154,0.5312244131751858,0.7770025118252764,0.7532124183515262,24.71498122671808,23.18126033935424,0.7220627904830873,0.8301832675933838,29.27480510239952,26.890804073396136,0.8535963044827196,0.891066312789917,29.931786181082288,28.120446645466167,0.8821429376742984,0.9047781229019165,0.1698167324066162,0.10893368721008301,0.0952218770980835
hn,TRAIN_000006,15.300463392832787,14.699969833693798,0.6647331407548699,0.9884426253658944,0.5888718684154624,22.619244922498268,20.42383175765771,0.5360608944664448,0.7114329934120178,27.244562171632683,23.494148745139256,0.7613716553700499,0.7867341637611389,27.822261808712895,24.379049806097864,0.7996422062942219,0.8072708249092102,0.2885670065879822,0.21326583623886108,0.1927291750907898
hn,TRAIN_000006,20.517907443881242,20.23598137244653,0.9716416143459554,0.022689832745207958,0.8615822521033092,21.64721453163581,21.555531709499498,0.6381066871138195,0.9084497094154358,28.609899198251718,27.82389957127135,0.8022883407821547,1.004272222518921,29.15971171206153,28.548914723994056,0.8354217377587623,0.9625885486602783,0.09155029058456421,0.0042722225189208984,0.03741145133972168
hn,TRAIN_000011,20.76835884269383,19.810663028192767,0.9863740495702251,1.9246703043063238,0.9145087046373088,21.578049361782526,20.721455718409658,0.16531204674204084,0.9193131923675537,29.06663232128912,26.858506977823858,0.5886609497650169,1.0836797952651978,29.483181184847204,26.990345473270075,0.6508043883834175,1.039314866065979,0.08068680763244629,0.08367979526519775,0.039314866065979004
hn,TRAIN_000011,14.038083843138534,12.786495394520811,0.5904755201846196,0.7005861416309354,0.6644220275629225,24.63744436071625,23.600134094094877,0.44964709700921557,0.7753645181655884,30.108204373493006,27.231462338289045,0.711580183638663,0.8587666749954224,30.581904834669636,27.903877952057243,0.738079440898667,0.8731908202171326,0.22463548183441162,0.14123332500457764,0.12680917978286743
hn,TRAIN_000011,17.749350555213468,16.596342914612517,0.8087853267772628,0.6975929251723016,0.846792553524911,23.047820025917535,22.61778908193909,0.47090061013356393,0.8959646821022034,30.022120652087597,27.588074813421418,0.7570107391183294,1.0111042261123657,30.577217723337064,28.28216962746403,0.7939793334243274,1.0025346279144287,0.10403531789779663,0.011104226112365723,0.002534627914428711
hn,TRAIN_000011,18.6101188565181,17.465366214342737,0.8594187562657705,1.3441493183444102,0.41690710769134326,21.484691798926487,19.819520883850736,0.2293549369609098,0.6317596435546875,27.239367917935965,23.200865103111315,0.5685494877830252,0.7471145987510681,28.34988440421863,24.146269841711234,0.6387067994005695,0.8109375834465027,0.3682403564453125,0.2528854012489319,0.18906241655349731
hn,TRAIN_000011,18.931477000129043,17.86975713374975,0.878322176478179,0.6834573921619642,0.717554184719118,22.437146036847405,21.738195428532563,0.4149015727227605,0.8092542886734009,30.345259287390355,27.230728670145563,0.7693685476712797,0.9447735548019409,30.808617126813125,27.935794021431974,0.8097646919411884,0.9433683156967163,0.19074571132659912,0.05522644519805908,0.05663168430328369
hn,TRAIN_000011,20.420592696689226,19.46828803887177,0.9659172174523075,1.0032212510018192,0.7574755503316397,21.714846116825,21.099960187630465,0.3303370456286607,0.8335538506507874,30.01705362813781,27.041143355609393,0.7360359152761913,0.9527610540390015,30.094243734164397,27.08539958256257,0.7749301683653721,0.9280581474304199,0.16644614934921265,0.047238945960998535,0.07194185256958008
hn,TRAIN_000026,18.899121188780775,17.818796641463663,0.8764188934576925,1.8828108496358475,0.7345717381977966,21.469573180695175,18.992664031841993,0.23517368903993813,0.7569114565849304,26.40539954104685,21.888850990992683,0.5547037787907438,0.8821964263916016,26.536486407553653,22.006901238051398,0.5903435927932863,0.8847844004631042,0.24308854341506958,0.11780357360839844,0.11521559953689575
hn,TRAIN_000026,15.354458593912163,13.95214065738354,0.6679093290536566,1.4340917934860238,0.7017598716985276,23.486946694263516,20.922641877294016,0.354263908724685,0.7669069170951843,28.208307351389866,23.507306134001645,0.6565309751773529,0.8699723482131958,28.569477923586707,24.08321956125819,0.6998795879329118,0.8937069177627563,0.23309308290481567,0.1300276517868042,0.10629308223724365
hn,TRAIN_000026,11.79399961652801,10.030616107084727,0.4584705656781183,0.8003226977012821,0.7645095723087767,25.854968041279648,23.14608652145607,0.7816327310655634,0.8262507319450378,28.821319927243955,24.703823126075616,0.8717041097193756,0.8674981594085693,29.521867510580222,25.971989324119136,0.908451602769695,0.8949127197265625,0.17374926805496216,0.13250184059143066,0.1050872802734375
hn,TRAIN_000026,13.028568028779421,11.323511311259356,0.5310922369870248,0.8999051326056757,0.6938747651766287,24.733166223280033,22.19144101415823,0.6145821443868006,0.7744447588920593,28.300470919713085,24.003068621501022,0.7610295221600999,0.8368305563926697,28.861955639687096,24.89507498044408,0.8091755152562179,0.8518860340118408,0.22555524110794067,0.16316944360733032,0.14811396598815918
hn,TRAIN_000026,19.6195004588744,19.647573051409257,0.9187941446396705,0.019193830906191988,0.4329309614824085,21.488910912138234,19.443045203201283,0.5038894030658099,0.6210868954658508,26.311273912796377,21.321789110762612,0.6828576288154468,0.7131268978118896,26.860633223406722,21.94403183175353,0.7308962231137138,0.8134502172470093,0.37891310453414917,0.28687310218811035,0.18654978275299072
hn,TRAIN_000026,17.578289063181415,16.404845877995484,0.7987228860694949,2.064543405753243,0.656715415431294,21.588363400171012,18.921095488968902,0.1810101968849832,0.6895760893821716,25.958499444451242,21.3860129614543,0.3937625221257251,0.7857928276062012,26.061465092392446,21.5839236583136,0.4083815191151973,0.8182092905044556,0.31042391061782837,0.21420717239379883,0.18179070949554443
hn,TRAIN_000080,13.14218983311845,12.754178846835032,0.5377758725363795,0.10182354154236338,0.8856296504110537,26.658480195032638,26.33594258627529,0.8299092963913984,0.9128875732421875,31.76563087774803,29.56528514236812,0.9079355086400276,0.9760172367095947,32.36165453674645,30.953750277561113,0.9333599901754168,0.9925942420959473,0.0871124267578125,0.023982763290405273,0.007405757904052734
hn,TRAIN_000080,20.656178760549146,20.311640213305214,0.9797752212087734,0.012228096389349926,0.8448716277457982,22.114393342160486,21.875160533933244,0.6187444894200166,0.8936220407485962,29.16885177980543,26.932992410680974,0.7831571439734624,1.0512322187423706,29.780726839426297,27.79951030131389,0.8322116109058935,1.030982255935669,0.10637795925140381,0.051232218742370605,0.030982255935668945
hn,TRAIN_000080,13.5404063939196,11.814243234535471,0.5612003761129176,1.108914525104835,0.838838439500375,24.602221231943684,22.51120126451989,0.594207027007393,0.8684174418449402,28.55154960447688,25.033016828745886,0.7909049734106266,0.9527387022972107,29.11607321483469,26.220091183885188,0.8337093072678252,0.9686235785484314,0.13158255815505981,0.04726129770278931,0.031376421451568604
hn,TRAIN_000080,16.702548318158232,15.729128018123905,0.7472087245975431,1.609030908063879,0.5020459737043103,21.301815148786687,18.10192295919697,0.23132512427611854,0.6164169907569885,24.7588357675428,19.787489759671637,0.4745856821492758,0.6867122054100037,25.48556417731791,20.67429479584719,0.5312479450370327,0.7920776009559631,0.3835830092430115,0.31328779458999634,0.20792239904403687
hn,TRAIN_000080,19.645621566625895,18.399124411659834,0.9203306803897585,2.265067290391641,0.32520193833524846,20.362956970531016,17.468971353982294,0.06877925640765321,0.4267660677433014,25.004915450061983,19.832576128267945,0.2516116121657365,0.5379403829574585,25.473806972431227,20.222312252757536,0.27697854765809427,0.6554649472236633,0.5732339322566986,0.4620596170425415,0.34453505277633667
hn,TRAIN_000080,14.940450870651752,13.607127293982137,0.6435559335677501,0.8182995289194817,0.7277648021383675,23.287110538339398,21.02940475071553,0.6197782008516909,0.782776951789856,27.06770222028343,23.08349566373675,0.7564824376239154,0.8697627782821655,27.496115442443774,23.823210161939407,0.7956925156257705,0.8710950613021851,0.21722304821014404,0.13023722171783447,0.12890493869781494
hn,TRAIN_000142,14.094557517668271,14.229178419343677,0.5937975010393101,0.012266423067953785,0.9043406846104041,25.543851412155103,25.46231755672236,0.727830750808321,0.9258594512939453,31.921581912571682,30.880350897901128,0.8693535139034436,1.025895357131958,32.18813713067249,31.50778620865934,0.8907011265039024,1.0100115537643433,0.07414054870605469,0.025895357131958008,0.010011553764343262
hn,TRAIN_000142,12.229713602860176,11.28180138833073,0.48410080016824564,0.9470711844445122,0.9057000252866364,26.29822532936204,25.561148195996868,0.6027119600156741,0.9065871238708496,32.148206087808695,30.48328218534167,0.8109416109079345,0.9875853061676025,32.497814201790405,31.31262737827571,0.83379477014258,1.0126858949661255,0.09341287612915039,0.012414693832397461,0.012685894966125488
hn,TRAIN_000142,13.408128179072817,12.638470731685146,0.5534193046513421,1.2670994964307511,0.844321781101167,25.323654723828867,24.256748454956146,0.41620364200448073,0.8563541769981384,31.803854811466078,29.29773060089762,0.7144764571900117,0.9666048884391785,32.12586505929088,30.282360386790778,0.7433922066906777,1.004041075706482,0.14364582300186157,0.03339511156082153,0.004041075706481934
hn,TRAIN_000142,13.952604767646388,13.054262085288455,0.5854473392733169,0.6598341234430289,0.937576114259016,25.24474228600408,25.039501396468452,0.5264686995410877,0.9447019696235657,31.8880590958552,30.56624709221374,0.7453269252548119,1.0578889846801758,31.777788386620543,30.628328413651637,0.7643510421102618,1.0879848003387451,0.055298030376434326,0.05788898468017578,0.08798480033874512
hn,TRAIN_000142,15.386545278731898,14.582598949027004,0.6697967811018763,1.6378572687565034,0.8893368059753946,23.467707912196364,22.427305226911045,0.30208004290674967,0.8686974048614502,29.007860642777494,27.117535465070137,0.5803745757621736,0.9891541004180908,29.13522773023026,27.469884995245337,0.6043861298501896,0.9952078461647034,0.1313025951385498,0.01084589958190918,0.004792153835296631
hn,TRAIN_000142,12.212797552248562,11.153606948687797,0.48310573836756243,1.002054660414953,0.9656040990303411,26.029755780299716,25.50935312619845,0.6410864016601837,0.9503759741783142,30.9086169354045,29.83228802918954,0.8169725512683617,1.0205274820327759,31.152058377876152,30.686333817470512,0.8428879928477107,1.0421535968780518,0.04962402582168579,0.02052748203277588,0.04215359687805176
hn,TRAIN_000152,18.61397231686017,16.817198578992393,0.8596454304035394,0.9788671945604875,0.954981237145824,22.88097603887327,22.259973081959043,0.5378033857197356,0.9449268579483032,28.350762248318784,27.1190571129817,0.7589763951155695,1.0355435609817505,28.602748089031632,27.509982480807906,0.7917437794834193,1.0528669357299805,0.05507314205169678,0.03554356098175049,0.05286693572998047
hn,TRAIN_000152,12.510668651662845,9.272440573682646,0.5006275677448733,0.9237978389204698,0.9404553515375678,25.827834788334876,24.3103960223926,0.8567059366965498,0.9419679045677185,27.894184410384145,26.080878068132755,0.8973803377433716,0.9583020806312561,28.221302406666865,26.997197524711247,0.9135905795045748,0.987108588218689,0.058032095432281494,0.041697919368743896,0.012891411781311035
hn,TRAIN_000152,13.441357259531705,10.59097933172073,0.5553739564430414,0.9948108935528853,0.8486473896026395,24.989817147102062,23.04890873022472,0.780604047626732,0.8773655891418457,27.68894024793394,25.100338780162133,0.8638344773141142,0.9076235294342041,28.117638526939075,26.05076861703912,0.8879801969521117,0.9384157061576843,0.1226344108581543,0.0923764705657959,0.061584293842315674
hn,TRAIN_000152,12.43989888762106,9.443157940057116,0.49646464044829763,1.0073880948912632,0.8587259951039418,25.73174650613339,23.896557127673447,0.8073066225495598,0.8900668621063232,28.073004923237196,25.843216198382283,0.8724874839822065,0.9287775158882141,28.528460965170026,27.0603530736317,0.8976439567296917,0.9623435139656067,0.10993313789367676,0.07122248411178589,0.03765648603439331
hn,TRAIN_000152,11.019115531691515,9.55659530023748,0.4128891489230303,0.4214071169987382,0.8518171896664992,29.558314431193985,28.07197036981603,0.9494073116202477,0.8940610289573669,29.96974810416047,28.561636119871356,0.9560449541027142,0.9127016663551331,30.394389449211413,29.564914942090308,0.9609768167139714,0.931195080280304,0.10593897104263306,0.08729833364486694,0.06880491971969604
hn,TRAIN_000152,19.229811614624666,18.637552269539835,0.8958712714485098,0.12344764174154264,0.9787611939439542,23.309474514051654,23.36989802327707,0.7223225142465799,0.9873610138893127,28.63241336822954,27.934428014620455,0.8355856435654514,1.1323864459991455,29.236920229432528,28.813700925922063,0.8748298314490003,1.094589352607727,0.012638986110687256,0.1323864459991455,0.09458935260772705
hn,TRAIN_000245,17.208634369157586,16.11128929267986,0.7769784923033876,1.7022383982626041,0.7982056723371643,22.649547992198116,20.748198827222538,0.23965755909126024,0.8031364679336548,28.55120644920364,24.393550682986294,0.5899730219181194,0.8789052367210388,28.88006338190724,24.694095752835132,0.6406046285007586,0.9126308560371399,0.19686353206634521,0.12109476327896118,0.08736914396286011
hn,TRAIN_000245,13.458645271597394,12.501013704367661,0.5563908983292585,1.3001012562144707,0.8093491687462193,24.8857497532795,22.9634372325187,0.4673038607914509,0.8287903666496277,30.344040634310613,26.544709465336012,0.7835313615167778,0.9408270120620728,30.896016638349174,27.315904492780184,0.8217922872376558,0.9570390582084656,0.17120963335037231,0.059172987937927246,0.042960941791534424
hn,TRAIN_000245,20.82858806358738,19.853677292005194,0.9899169449169046,2.2092789153348114,0.9112655539229191,20.96692612632891,19.487870374759567,0.16471582069926918,0.8483523726463318,26.977616121186756,23.87712762561002,0.4698888154683878,0.9768106937408447,27.20926066978148,23.76104334662738,0.5077385309346193,0.9550290107727051,0.1516476273536682,0.023189306259155273,0.04497098922729492
hn,TRAIN_000245,11.493381381039057,11.166565522346362,0.44078714006112096,0.3132437656966229,0.8353623329974257,27.09573978660696,26.651289857126443,0.8076390620533044,0.8785980343818665,32.03215154768222,30.179491491602715,0.9035618825573937,0.9438726305961609,32.61818602885718,31.081491642966988,0.924548808695872,0.9434106945991516,0.12140196561813354,0.05612736940383911,0.05658930540084839
hn,TRAIN_000245,12.16875446294983,11.997788387000211,0.48051496840881347,0.30667653970652736,0.8718606271471875,26.996484839399137,26.55333581404335,0.8672668992142143,0.9047529697418213,32.07350148339212,30.45238204907988,0.944217236542211,0.9525680541992188,32.59678145889386,31.04119882428315,0.9573696264197836,0.9588738083839417,0.09524703025817871,0.04743194580078125,0.04112619161605835
hn,TRAIN_000245,15.994398036556376,16.003065054275723,0.7055528256797868,0.18145717371050718,0.9778239995188682,24.45759943161004,24.49546599741887,0.7057318901013743,0.9857854843139648,32.052641317527225,31.03118667376725,0.8882411624117114,1.1242542266845703,33.02097833230046,32.06472069170406,0.9221165691146761,1.1006889343261719,0.014214515686035156,0.12425422668457031,0.10068893432617188
hn,TRAIN_000304,18.315232196588866,17.83862262289742,0.8420724821522863,2.070938859166743,0.6255188446511633,21.897981242589694,20.208775589608813,0.1996416855695337,0.7251022458076477,28.52555915713485,25.13163867473459,0.5077298892614006,0.83583003282547,28.900252896010016,26.0359170403672,0.5394063971607322,0.8979549407958984,0.2748977541923523,0.16416996717453003,0.10204505920410156
hn,TRAIN_000304,20.2287635303637,20.189749027494237,0.9546331488449236,2.358394483888145,0.33816270012576044,20.603785510699364,18.507463139457162,0.146434214003057,0.5809190273284912,26.41544351257501,21.914681626024684,0.39729104562282747,0.6464340686798096,26.77307591579979,22.277450546657754,0.41838328995311497,0.7147408127784729,0.4190809726715088,0.35356593132019043,0.2852591872215271
hn,TRAIN_000304,16.767687948935972,16.344017640421544,0.7510404675844691,1.7244479401244368,0.9586120952666783,23.21074964542509,22.506719244021404,0.3574491651253416,0.9263491034507751,29.632437232358562,29.110031619014567,0.6664335621429145,1.0303146839141846,29.85422144245518,29.19060306310363,0.6831300452131679,1.0361706018447876,0.07365089654922485,0.03031468391418457,0.0361706018447876
hn,TRAIN_000304,16.263368256373404,15.502096352681223,0.7213746033160825,0.6980860434957806,0.9687154456514653,24.00240056623536,23.80139003578524,0.6672491429300849,0.9722959399223328,30.930409507223146,30.32094934384961,0.8323802606706437,1.03643000125885,31.23656727222937,30.924578073112762,0.8505021312529736,1.0195692777633667,0.027704060077667236,0.0364300012588501,0.0195692777633667
hn,TRAIN_000304,11.494057739389346,11.494560948753275,0.4408269258464321,0.2084594850330825,0.9887438788813945,27.422184688777385,27.398862981134645,0.8444710381545816,0.9935799241065979,32.83659065119458,31.851025786056134,0.9066841381157252,1.0415199995040894,32.6939795475575,31.648275623099053,0.9179297150647395,1.042088270187378,0.0064200758934021,0.041519999504089355,0.04208827018737793
hn,TRAIN_000304,10.927791810265203,10.010654389363873,0.4075171653097178,0.8410672160487698,0.8842569658854152,27.307496535022434,26.777732541371662,0.6837321458821787,0.9125840067863464,32.89718425753421,31.454245535009917,0.8291340288634536,0.9584581255912781,33.383116070388496,32.655982460734975,0.8500399390204736,1.0175094604492188,0.08741599321365356,0.041541874408721924,0.01750946044921875
hn,TRAIN_000337,14.10394569648225,14.00085018957531,0.594349746851897,0.02050173390600888,0.9039487382563567,25.550877561568917,25.529675029856833,0.8119660205424717,0.9532124996185303,31.547346036686346,30.488281844589427,0.8772983250996862,1.0296710729599,32.300887211522145,31.841683361405295,0.9190167176035902,0.9920238852500916,0.04678750038146973,0.029671072959899902,0.007976114749908447
hn,TRAIN_000337,18.035521093614218,17.580121347643644,0.8256188878596599,1.7445242273463915,0.7697295292266091,22.23631087255447,20.797828206065287,0.288045787125695,0.8458259701728821,27.75010164137143,24.672028324886778,0.5208051722671443,0.919891893863678,27.82888067594515,24.960053024309182,0.5383742153530842,0.9695351123809814,0.15417402982711792,0.08010810613632202,0.030464887619018555
hn,TRAIN_000337,17.268263055993764,16.513785559746182,0.7804860621172802,1.9006400836916635,0.5864737466557213,21.82851964852886,19.57583233825488,0.24786603250674308,0.7066878080368042,26.126370149757904,22.09694039482823,0.4537973235188266,0.8024260997772217,26.300620342500025,22.524432293420272,0.4740515829408665,0.8429239988327026,0.2933121919631958,0.19757390022277832,0.15707600116729736
hn,TRAIN_000337,20.864616139142964,20.328989007499498,0.9920362434789978,0.4651024246729333,0.6772780381364243,21.708868759691864,21.21558449212776,0.5329094476910836,0.8217417001724243,28.91519762847176,26.107670239835254,0.6742464606407041,0.9447597861289978,29.29965085172837,26.726860739585373,0.7333247153378533,0.9254984855651855,0.17825829982757568,0.0552402138710022,0.07450151443481445
hn,TRAIN_000337,11.392042283061468,10.36443758943928,0.43482601665067455,0.9718054120568665,0.8987616337749191,26.43701974679134,25.10570669117166,0.7823815866541413,0.9135350584983826,30.452128155745125,28.193482171868297,0.8493461961713863,0.9564520120620728,31.28809928713629,29.734573482107017,0.8893787837905037,0.9785917401313782,0.08646494150161743,0.043547987937927246,0.021408259868621826
hn,TRAIN_000337,17.192939954727557,16.414584956594524,0.7760552914545622,1.621298955781075,0.8877107079350666,22.697994857835198,21.59951067574284,0.33815342413428345,0.8826377391815186,28.060116926906034,25.725016691339917,0.5563583446327448,0.937160849571228,28.163468763640513,26.05630880091787,0.5824892513833771,0.9930068254470825,0.11736226081848145,0.06283915042877197,0.0069931745529174805
hn,TRAIN_000417,14.37059467647833,13.603241842764053,0.6100349809693135,1.2317305232510185,0.8734540679280631,24.91936653710413,24.21813835125151,0.41583779278688177,0.9447046518325806,31.696343158858777,29.528320663959583,0.7272987088493752,1.0079154968261719,32.160512073837936,29.817878081032177,0.7554874526849646,0.9713886976242065,0.055295348167419434,0.007915496826171875,0.028611302375793457
hn,TRAIN_000417,10.883571196598783,9.802280100758244,0.4049159527411049,0.5847768899930457,0.9102494409307138,27.510712711433555,27.166662763769637,0.7686514716426182,0.958112359046936,31.72766393975754,30.722672996720455,0.8722467584900135,1.000542402267456,32.228772600019795,31.50914703972086,0.8958217628910563,0.9784835577011108,0.041887640953063965,0.0005424022674560547,0.02151644229888916
hn,TRAIN_000417,20.645957403531696,20.019176587884633,0.9791739649136293,1.4655304267384224,0.7326516036553113,21.745970007477734,21.052593949188697,0.21974427838229654,0.8963274955749512,30.02604700526593,27.21663481801574,0.5343927669002194,0.9678671956062317,30.189341269272933,27.02586119551357,0.5548645237233192,0.9595973491668701,0.10367250442504883,0.03213280439376831,0.04040265083312988
hn,TRAIN_000417,12.591664853320466,11.956094724147645,0.5053920501953215,0.407468720250718,0.9427471551014328,26.83253664626489,26.770020216561928,0.7367845195741307,0.9785972833633423,33.27217914008765,32.33531263885302,0.8888792105556756,1.0315459966659546,33.903035682467674,33.07347603236583,0.9162227798755753,0.9951263070106506,0.021402716636657715,0.03154599666595459,0.004873692989349365
hn,TRAIN_000417,15.736802848710772,15.706083955550277,0.6904001675712219,0.3096186955127664,0.7959134825640277,24.189270711839733,24.01885439778711,0.5733557000137587,0.9297255873680115,30.753707824883026,29.050692447104346,0.7436305279103362,0.9781701564788818,31.370070455973888,29.71386379790301,0.7781790742460323,0.938346266746521,0.07027441263198853,0.021829843521118164,0.061653733253479004
hn,TRAIN_000417,16.547413754180894,16.300184717127582,0.7380831620106407,0.216903701380736,0.7689893923497362,24.052466385626698,23.812779454623602,0.5314281024685731,0.9368432760238647,31.96090675950542,29.722619230587807,0.7727700367408049,0.9817470908164978,32.55971731398621,30.308804275311555,0.8124900915359075,0.93919438123703,0.06315672397613525,0.018252909183502197,0.06080561876296997
hn,TRAIN_000420,11.445156894467456,10.888919067973784,0.4379504055569091,0.2500927937776127,0.8329377435679928,28.079776090445378,27.789229445759467,0.7152540830976691,0.8695192337036133,32.594384312637445,30.826594188534987,0.8475505325547862,0.9170622229576111,32.846128589317246,31.448560561479578,0.8723338599404541,0.9878812432289124,0.13048076629638672,0.08293777704238892,0.012118756771087646
hn,TRAIN_000420,12.623078040413082,10.988725535698567,0.5072398847301813,1.1338236454697184,0.7869417160749499,26.120188012234806,24.803884907536396,0.4190220062430204,0.8338974714279175,31.080112488308465,27.996760857874673,0.7040233956908928,0.8784754276275635,31.89357726073642,29.467738784589184,0.7692348728334198,0.9709134697914124,0.16610252857208252,0.12152457237243652,0.029086530208587646
hn,TRAIN_000420,12.917907612631707,12.845051463205571,0.5245828007430415,0.22392908105106893,0.9158904692795224,26.975062249140755,26.90730498660313,0.724351176158636,0.9332057237625122,31.773952159322345,30.686433858024298,0.8635993161177561,1.0502409934997559,32.0186299882388,30.885122208792332,0.8835474589664214,1.0560963153839111,0.06679427623748779,0.05024099349975586,0.05609631538391113
hn,TRAIN_000420,19.46072395226258,18.742682851733942,0.909454350133093,1.9308055102054367,0.5819620345878244,21.48314887193405,19.880138229674998,0.12381192218967038,0.6447822451591492,27.978222125901144,24.113954511073228,0.42128001802261167,0.7865217924118042,28.509255442417185,24.904121418833927,0.4911353664292637,0.9179338216781616,0.35521775484085083,0.2134782075881958,0.08206617832183838
hn,TRAIN_000420,17.49577811840188,16.312545202771137,0.7938693010824637,1.4114304139093545,0.4465508493552659,22.27285164206533,20.322537832496906,0.19282966461562714,0.5615066885948181,27.946481634535125,23.753944324885193,0.5270345473419464,0.660423219203949,28.97199664016592,24.754310880393895,0.587717184273818,0.7986477017402649,0.4384933114051819,0.339576780796051,0.2013522982597351
hn,TRAIN_000420,12.441656272517623,10.567929613468474,0.4965680160304484,1.076496528189765,0.9232374184649769,25.964265293031797,24.73931238265649,0.5919371846509025,0.9289783239364624,30.053324807501212,27.9696873712125,0.804143213166388,0.9949317574501038,30.389635656745355,28.909790709787856,0.8370993324527038,1.0202155113220215,0.0710216760635376,0.00506824254989624,0.020215511322021484
hn,TRAIN_000006,19.355619930849343,19.321350680252518,0.9032717606381966,0.3942669696585655,0.5559131427225434,21.201877865066862,19.9950531050902,0.5213623696820818,0.6902695298194885,27.048659783615527,23.988424038064302,0.7250252878979476,0.7819719910621643,27.518291766839134,24.554928985763848,0.7619274062383967,0.7911967635154724,0.3097304701805115,0.2180280089378357,0.2088032364845276
hn,TRAIN_000006,16.68234209093973,16.172131669450373,0.7460201229964547,0.6395290082932643,0.4925712794635731,22.17489364103639,20.55477907305,0.4307091536976164,0.6496819257736206,27.454018698983596,23.94795001689645,0.6479301194667811,0.7454280257225037,28.028030366845197,24.82663795772418,0.6820704131314675,0.7721966505050659,0.3503180742263794,0.25457197427749634,0.22780334949493408
hn,TRAIN_000006,13.18203471390852,12.338263068301886,0.5401196890534423,1.1901686074826892,0.8523119995822815,24.465930277294774,22.813184020264856,0.6576357081141243,0.8737723231315613,28.839786438465215,26.466320105692475,0.8093862114951417,0.9303467869758606,29.394488806189454,27.47794806208084,0.8409508212947072,0.9419112801551819,0.12622767686843872,0.0696532130241394,0.058088719844818115
hn,TRAIN_000006,16.254219061304887,15.35325161644436,0.7208364153708756,1.8222348628019227,0.7244739437809171,22.864797630082027,21.045706995614207,0.29258458337302207,0.7696180939674377,28.805516135906117,25.195397447388345,0.606372698178406,0.8876965641975403,29.14524675354388,25.764110811705002,0.6355069144091001,0.9100801348686218,0.23038190603256226,0.11230343580245972,0.08991986513137817
hn,TRAIN_000006,12.950000153758454,12.090938827938558,0.5264705972799091,0.8316715211840701,0.7105625709677639,24.76471594280039,22.953435887700145,0.6888854538031163,0.7899613976478577,29.54729706112331,26.534408430706414,0.8363787825574236,0.8635447025299072,30.42568627198674,28.040116089427126,0.8701409982582965,0.8843084573745728,0.21003860235214233,0.13645529747009277,0.11569154262542725
hn,TRAIN_000006,15.106731726977475,14.371489432844452,0.6533371604104398,0.766333697419966,0.9346657892252456,24.097059560188438,23.618381552612654,0.7039556434520482,0.9460606575012207,29.701642179453145,28.89386187678141,0.8349325340416222,0.9977908730506897,30.10411621107731,29.687425530918862,0.8609795234908959,0.9938125014305115,0.0539393424987793,0.0022091269493103027,0.006187498569488525
hn,TRAIN_000011,16.508909151499847,15.495931662975675,0.7358181853823439,1.357486803176077,0.5298178995805989,22.499404708208527,20.9240212305518,0.23893557543170857,0.7188343405723572,27.83580472267415,24.122312483480183,0.5077767218494077,0.8031180500984192,28.574787348984092,24.839780212737182,0.5512473647153585,0.8430345058441162,0.2811656594276428,0.1968819499015808,0.1569654941558838
hn,TRAIN_000011,11.849305230154833,10.28150908066292,0.4617238370679313,0.4971674028038234,0.7918188492066679,26.997191005587943,26.12774532933357,0.7242378410366133,0.8618147373199463,31.101526037527393,28.749436132609276,0.8771712681156145,0.9117999076843262,31.5251659124749,29.50561706109976,0.9007762486119225,0.9264411330223083,0.1381852626800537,0.08820009231567383,0.07355886697769165
hn,TRAIN_000011,12.631671447670321,11.071637077439041,0.5077453792747247,1.2691003664080758,0.7194306486305193,25.54556620187547,23.808328608568115,0.41959011928584017,0.8204692006111145,30.105807704627047,26.548687855002328,0.7215769351284373,0.8785297870635986,31.300714938925868,27.99618859352654,0.804735546496622,0.926214873790741,0.1795307993888855,0.12147021293640137,0.07378512620925903
hn,TRAIN_000011,12.81982470011482,11.27953982383898,0.5188132176538129,0.7501329608422096,0.8371133298045995,25.842698414006684,24.84493566741221,0.6639258116204644,0.8861400485038757,30.497363782013114,28.020961162332053,0.8582320266802183,0.946513831615448,30.878332108044667,28.695890728507464,0.8838540833733383,0.9531362056732178,0.11385995149612427,0.053486168384552,0.04686379432678223
hn,TRAIN_000011,13.896889357114937,13.092040604610137,0.5821699621832316,0.40401195010773316,0.8284845315162188,25.770516605432977,25.23558085117096,0.6886741080101447,0.8845935463905334,31.139812297992382,28.813788841475812,0.8702437233392397,0.9670155048370361,31.56488606718971,29.55130085388849,0.894290954297369,0.9615822434425354,0.11540645360946655,0.03298449516296387,0.0384177565574646
hn,TRAIN_000011,17.89055817238354,16.682355889121137,0.8170916571990317,0.9178003584878178,0.43968749065313634,21.427332844953078,20.140803487198866,0.2638001888672624,0.6305601000785828,26.15464177514635,23.190355985343146,0.5043551095379567,0.7056256532669067,26.80779537911912,23.784380942485498,0.5330463153165634,0.7542636394500732,0.36943989992141724,0.29437434673309326,0.24573636054992676
hn,TRAIN_000026,13.632854199938672,12.380918196521375,0.5666384823493337,0.7243341310709736,0.6987046081054313,25.037545200746123,22.960238690549065,0.6523390988229476,0.7918984293937683,29.458490219507965,25.253975252823953,0.8180316348676905,0.8740006685256958,29.986501809010463,26.21565343747072,0.8596876857145203,0.8817366361618042,0.2081015706062317,0.1259993314743042,0.1182633638381958
hn,TRAIN_000026,11.590412186761442,9.860380887313376,0.44649483451537897,0.9667358382437082,0.7894516728194347,26.41855334814688,24.142183149232284,0.661930150016027,0.8376545906066895,30.09368679232206,26.025242839159077,0.8001556992611668,0.8807616829872131,31.018116997076138,27.728678264110663,0.8547775275147594,0.9259414672851562,0.16234540939331055,0.11923831701278687,0.07405853271484375
hn,TRAIN_000026,16.12199016891025,14.953380998181526,0.7130582452300148,0.7610982501394636,0.8642040055877193,23.854606898534023,22.640416653429376,0.6742057172450121,0.8930120468139648,29.082687076208384,25.972499214380967,0.8304820900943859,0.9742810726165771,29.587610613096572,27.149894467186478,0.873730716152165,0.988801896572113,0.10698795318603516,0.02571892738342285,0.011198103427886963
hn,TRAIN_000026,18.554789711673564,17.216605431607654,0.8561641006866801,1.4218240801084123,0.9550932977994021,22.23544635031191,21.208925019201168,0.33940200436745754,0.9394801259040833,27.839264401586036,25.530533507406794,0.5984500134617635,1.0504870414733887,28.11926660388461,25.89225609400067,0.6334670161941567,1.041969895362854,0.06051987409591675,0.05048704147338867,0.041969895362854004
hn,TRAIN_000026,11.856541427412191,9.882949872882172,0.46214949573012887,0.900883803658243,0.8684163952116857,25.98458979518558,24.18937834861444,0.7892041852236403,0.9070947766304016,29.0864319042379,26.08548092239215,0.8692226764744648,0.9359431862831116,29.80480770425948,27.739795114698694,0.9099808445304586,0.9770922660827637,0.09290522336959839,0.06405681371688843,0.022907733917236328
hn,TRAIN_000026,18.174668451216313,17.252951650316557,0.8338040265421359,2.314996093435823,0.7830662536549129,21.815732032632397,19.478385557873054,0.17235407865276967,0.8024269342422485,26.73149101606544,22.527229393457667,0.4781421758910719,0.9169228672981262,26.834544161136993,22.746866071124813,0.51344622316327,0.9423764944076538,0.19757306575775146,0.08307713270187378,0.05762350559234619
hn,TRAIN_000080,10.941469941941852,10.747557501522843,0.4083217612906972,0.35780518691057134,0.9474948225267936,28.7819225419126,28.524777775481233,0.9272301829427626,0.9631553888320923,31.70743361570254,30.57386696247641,0.9542029979568545,1.0014361143112183,32.202210489742555,31.36525873583158,0.9640031435635766,1.0065157413482666,0.036844611167907715,0.0014361143112182617,0.0065157413482666016
hn,TRAIN_000080,13.614027948450405,12.032368620057225,0.5655310557912002,1.3681178908840235,0.8088744552722434,24.840888025499662,22.632015166512453,0.41931940550951574,0.823180079460144,29.43199323543076,25.176907141219267,0.6880724448217975,0.9146323204040527,30.067197102473653,26.653338623321538,0.7417960898200823,0.9894928336143494,0.17681992053985596,0.08536767959594727,0.010507166385650635
hn,TRAIN_000080,12.588157544359062,10.90223536330563,0.5051857379034742,1.2372626408858565,0.7376953824950536,24.930566386064598,21.926122565677346,0.5251607370541037,0.765961766242981,28.566058561368088,23.97365227783275,0.7540554746216499,0.8650843501091003,29.221772757233026,25.080395844909038,0.8019317791418593,0.8911343812942505,0.23403823375701904,0.13491564989089966,0.10886561870574951
hn,TRAIN_000080,11.85110050989106,10.002685538175692,0.46182944175829765,0.7046317230083705,0.9784237446305727,26.822329883206756,25.907430861772966,0.833807341608042,0.9757788777351379,30.424869733028142,28.622292662253837,0.902072992339777,1.0240885019302368,30.729921892137444,29.686975782709368,0.9259158591091057,1.0490224361419678,0.02422112226486206,0.024088501930236816,0.04902243614196777
hn,TRAIN_000080,19.398538839213646,19.099065543099176,0.9057964023066851,0.25248815121439133,0.8139622099883574,22.524477722966672,22.352705294799694,0.6293262908431351,0.8610972166061401,29.156871671944927,26.677375478897623,0.7860615009030542,1.0250591039657593,29.884185574004846,27.68145540154839,0.838017631651481,0.9974521398544312,0.13890278339385986,0.025059103965759277,0.0025478601455688477
hn,TRAIN_000080,18.221004956547922,16.93682042375351,0.8365297033263484,1.6550953798679737,0.46474882312197613,20.965107570347243,17.74287304665316,0.19752865841704784,0.5658908486366272,25.330309711461595,20.005663148118565,0.4962315433831652,0.6978707313537598,25.918504015669246,20.68916782552452,0.547636217547059,0.77846360206604,0.4341091513633728,0.30212926864624023,0.22153639793395996
hn,TRAIN_000142,20.583634286504346,20.11005627385346,0.9755078992061379,2.4076998439368635,0.36445621384217824,20.870646555571312,19.04247346044348,0.08963544967166828,0.47490963339805603,27.77872546191803,23.254844112683347,0.32625543926025086,0.601481556892395,28.23518067386685,23.786590578787987,0.35731942458561944,0.6763474941253662,0.525090366601944,0.398518443107605,0.3236525058746338
hn,TRAIN_000142,13.603315926689302,12.535599593103305,0.5649009368640766,1.3302285309321062,0.9783979433089183,25.199437440370367,24.71227224817472,0.41286155268577657,0.9514988660812378,31.2749485799274,29.881545125278855,0.6829684890637727,1.0593668222427368,31.34419934000638,30.09782922605219,0.709647356293801,1.0809354782104492,0.04850113391876221,0.059366822242736816,0.08093547821044922
hn,TRAIN_000142,19.94696560459554,19.039195943052842,0.9380568002703258,1.8618682638166313,0.3165059748463924,20.80587874174062,18.96036661123935,0.12212510178723118,0.5294389128684998,26.762011499391125,22.46966093510356,0.303164433083495,0.6022689342498779,27.116494400613,22.84993593866357,0.31901334639961476,0.6373733878135681,0.47056108713150024,0.39773106575012207,0.3626266121864319
hn,TRAIN_000142,15.044092566516467,14.295710408814903,0.6496525039127333,0.4510953055494789,0.7636879870976021,24.766833242609422,24.158355593950283,0.5105617496132258,0.8187573552131653,32.72691048323453,30.457397993802267,0.7685930566861574,0.9590941667556763,32.928856636326095,31.160953132094235,0.7878797708004055,0.9890626072883606,0.18124264478683472,0.04090583324432373,0.010937392711639404
hn,TRAIN_000142,14.89877477269442,14.19411886752286,0.6411043983937894,0.8064814647275368,0.9975452655051076,24.711166619032788,24.501734288478964,0.6074526064770195,0.9827829003334045,31.121275881367207,30.22885556014353,0.8149511491870954,1.0953797101974487,31.37624751853425,30.53104694415291,0.8340478782916385,1.0821137428283691,0.01721709966659546,0.09537971019744873,0.08211374282836914
hn,TRAIN_000142,20.213311869241753,19.671437187384083,0.9537242276024561,2.5357489241728595,0.5477217654210872,20.720209555782837,19.01939548146849,0.0870166965004382,0.6248701214790344,26.927278701167424,23.296352235164353,0.25346795740021594,0.7400777339935303,27.142089652735905,23.818029252239185,0.27785650916032184,0.8040322065353394,0.3751298785209656,0.2599222660064697,0.19596779346466064
hn,TRAIN_000152,19.598362045231305,17.764135921434587,0.9175507085430179,1.2917438147191005,0.5748842789091364,20.978217867660756,19.00432746884816,0.3383656737826018,0.6849938631057739,25.559000861661918,21.800496411826856,0.5570381974070038,0.7956894636154175,25.893432282599896,22.38267546100014,0.5908200840634272,0.8183050155639648,0.3150061368942261,0.20431053638458252,0.18169498443603516
hn,TRAIN_000152,15.718854591777479,13.356248459600517,0.6893443877516164,0.7271323086379384,0.9149210596700065,24.594931018360068,23.837175808907997,0.7593272482522501,0.9297551512718201,28.657415255185022,27.279178823796183,0.8573728248144128,1.0001102685928345,28.92290877642791,28.084130754089212,0.885909162971985,1.001255750656128,0.07024484872817993,0.00011026859283447266,0.0012557506561279297
hn,TRAIN_000152,20.770789671481772,18.81313139865571,0.9865170394989278,1.9080233442390384,0.7505378590446062,21.158123700203166,19.35510252957918,0.19908435867837304,0.7660654783248901,26.81923989262718,23.597562085269065,0.5353048377794115,0.9264768958091736,27.045411097452,24.097652943402707,0.5803735612422108,0.9557787179946899,0.23393452167510986,0.07352310419082642,0.04422128200531006
hn,TRAIN_000152,20.02673444122844,18.078122231877607,0.9427490847781436,2.049868846493357,0.7497416013738878,20.683717677450886,18.43771251018511,0.2183279686202688,0.7641090154647827,24.94531428975998,21.447403635106053,0.4946680810350197,0.8695968985557556,25.115390133736653,21.64280012487232,0.5375672946879925,0.8773173689842224,0.23589098453521729,0.13040310144424438,0.12268263101577759
hn,TRAIN_000152,11.46841679327324,11.546005708521967,0.43931863489842593,0.2718539045422919,0.8648016455742695,29.416979100743184,28.57543876139271,0.9366624678158083,0.906489372253418,30.021314763313242,29.2915083890391,0.9420112753517248,0.9536975026130676,30.846202381052162,30.306368698413813,0.9546143921058424,0.9547825455665588,0.09351062774658203,0.04630249738693237,0.04521745443344116
hn,TRAIN_000152,19.210832062813868,17.054317147269796,0.8947548272243452,1.4207957983662882,0.7532177405428961,22.033209077851307,20.582762338124002,0.30298316477987874,0.8178208470344543,27.712611644987884,24.67889107254898,0.5766975691080571,0.942324161529541,27.960185420135815,25.247065977465432,0.6200718628156124,0.9618711471557617,0.18217915296554565,0.057675838470458984,0.03812885284423828
hn,TRAIN_000245,12.479684831899625,11.831597684408383,0.4988049901117426,0.39443102601815927,0.9315908051506093,26.511411746486388,26.34671496365439,0.8310235200432,0.947986364364624,31.55394818626242,30.566323676599513,0.9171090343237164,0.9901860356330872,32.16167431822339,31.162411365913663,0.9353754330308417,1.0033745765686035,0.05201363563537598,0.009813964366912842,0.0033745765686035156
hn,TRAIN_000245,20.592058701711572,19.62582696708097,0.9760034530418571,0.9371222016847924,0.8848524773757813,21.860051120373065,21.451183734805944,0.3993975632394477,0.9155551791191101,30.191134063082576,28.30731094854604,0.7379204570791413,1.0673799514770508,30.779583609307863,28.66880114445396,0.7775949753186003,1.0588527917861938,0.08444482088088989,0.06737995147705078,0.05885279178619385
hn,TRAIN_000245,16.68534527485408,16.75541735956948,0.7461967808737693,0.05142183773379539,0.7290016608728533,23.649150011794298,22.84869734699031,0.6880180890252954,0.8115533590316772,30.325086956113132,27.12525971079573,0.8760560681592572,0.9189544320106506,30.911340665552576,27.910868209763123,0.9136823940527797,0.9041244387626648,0.18844664096832275,0.08104556798934937,0.0958755612373352
hn,TRAIN_000245,11.135012811195132,10.76478045686763,0.4197066359526549,0.3061200417000243,0.9146944965416344,27.99773072251693,27.848964000753014,0.8715327868743997,0.9347183108329773,33.14455821177134,32.240718033509815,0.9463717849635767,0.9893078207969666,33.61840977013772,32.813317047784345,0.9591064238880107,0.990683913230896,0.0652816891670227,0.010692179203033447,0.009316086769104004
hn,TRAIN_000245,18.270653483808793,17.593419262019946,0.8394502049299292,1.0831746171807402,0.5914791786607622,21.89673192262553,19.94232583561366,0.36487419777560154,0.6443799138069153,27.766832845375614,23.02969031757218,0.6620104208442873,0.7762897610664368,28.11127578548177,23.402367901991788,0.702082041629411,0.7989479899406433,0.3556200861930847,0.22371023893356323,0.2010520100593567
hn,TRAIN_000245,18.42081544192532,18.26345316486944,0.8482832612897249,0.2941806619559556,0.40687445612636697,22.25702913696071,20.69001432028973,0.34691387460149714,0.5372729897499084,28.83485983349854,23.797121086806253,0.617854914931688,0.670380711555481,29.403874569715697,24.26958315222825,0.6699487286276425,0.7400739789009094,0.46272701025009155,0.32961928844451904,0.2599260210990906
hn,TRAIN_000304,15.70755115773094,14.908948572952895,0.6886794798665259,1.6568031688331082,0.882937386442856,23.594149670426713,22.59659096979209,0.37729914364122324,0.8856496214866638,29.809215646879032,28.234658217066297,0.6778962083090762,0.9789806604385376,30.071795910039366,28.595086402888086,0.6936262343914783,0.9868390560150146,0.11435037851333618,0.021019339561462402,0.013160943984985352
hn,TRAIN_000304,16.00901220059774,15.418231122131942,0.7064124823881024,1.5006055075269378,0.7477997458502432,23.14611356491111,21.729187871041784,0.37096388510042233,0.8186440467834473,29.341006229850144,26.56287742024885,0.6522785396535642,0.9089548587799072,29.575773550709812,27.20444658464391,0.6706261314273111,0.9211978912353516,0.18135595321655273,0.09104514122009277,0.07880210876464844
hn,TRAIN_000304,15.081341551974198,14.250083221475908,0.6518436207043646,0.8820699638057758,0.9121380122987239,24.00185067838242,23.662617560772887,0.5396938532730331,0.9490631222724915,29.817339891128594,29.01872103514886,0.721511442611519,1.013657569885254,29.92556067122873,29.57782801701732,0.7352909409376328,1.0152716636657715,0.050936877727508545,0.013657569885253906,0.015271663665771484
hn,TRAIN_000304,14.560222664615045,13.93135321058286,0.6211895685067673,1.3633388097087473,0.8559311063498795,24.218083620420057,23.00857088049746,0.5039895617450867,0.8782139420509338,30.151892514065295,28.051530721561996,0.7377843343638288,0.9617889523506165,30.477589005004045,29.057326005753165,0.7563969701875433,0.9768408536911011,0.12178605794906616,0.038211047649383545,0.023159146308898926
hn,TRAIN_000304,12.538930138084922,11.923290374180118,0.5022900081226425,0.9957197148095961,0.784688016909216,25.690331729158977,24.4215488916487,0.5911847328740517,0.8508495092391968,31.562174816997874,28.865949872005213,0.7835049219352102,0.9171136617660522,32.232798008870574,30.655466116254537,0.8055482759229164,0.9568414688110352,0.14915049076080322,0.08288633823394775,0.043158531188964844
hn,TRAIN_000304,18.31573741769433,17.854534874719953,0.8421022010408428,1.783184588976334,0.8827146020139266,22.186543918791703,21.271956582003412,0.3206959638555931,0.8684886693954468,28.643218217830096,27.356709291458216,0.6374476381989754,0.9829021692276001,28.8216090248423,27.58789207548199,0.6524949395594072,0.9813026785850525,0.13151133060455322,0.017097830772399902,0.01869732141494751
hn,TRAIN_000337,17.57845011654362,16.93373949282039,0.7987323597966837,1.5694168509648383,0.5885835678678347,22.128349745792892,20.1765060050862,0.29893825067844915,0.7098806500434875,27.032215584873427,23.040821936675222,0.5113783320148666,0.7522175312042236,27.246181316136777,23.35231875619459,0.5454816281183501,0.8265600204467773,0.29011934995651245,0.24778246879577637,0.17343997955322266
hn,TRAIN_000337,14.116287994462345,13.346505139242506,0.595075764380138,1.250570396678288,0.7446752742433014,24.02368075667143,22.248710868277723,0.5416213880184919,0.813812255859375,28.155045554718253,24.793759234825433,0.6833138361317719,0.8918405175209045,28.568550857118385,25.547409653621656,0.7281305332401519,0.9035277366638184,0.186187744140625,0.10815948247909546,0.09647226333618164
hn,TRAIN_000337,13.005602438089408,12.203905352873063,0.5297413198876122,0.4810432043203946,0.8721655409203144,26.179682824865363,25.87944518507452,0.8049127720424134,0.9285439252853394,31.809756003417533,30.584004197744726,0.8747220268640741,0.9723801016807556,32.483135203720636,31.953383113987496,0.913998898254213,0.9710513949394226,0.07145607471466064,0.027619898319244385,0.028948605060577393
hn,TRAIN_000337,11.266249278606658,11.14921177943328,0.42742642815333287,0.07564068954421606,0.8351648460877046,27.156943412967212,26.86399690201823,0.8627277938075197,0.912417471408844,31.333218492478334,30.317524163331505,0.8962365301931019,0.9521037936210632,31.861839183791247,31.39442702956871,0.9261115779128667,0.9416161775588989,0.087582528591156,0.04789620637893677,0.058383822441101074
hn,TRAIN_000337,13.308351854745949,12.356923979938085,0.5475501091027029,0.7736185105944385,0.9088538507925551,25.669482325789335,25.04975945729056,0.7288202177932994,0.9316478371620178,31.180549901657404,29.379369898126505,0.8212930316513551,1.0094574689865112,31.878169320024288,31.016938537482307,0.8693123325325075,1.0053526163101196,0.06835216283798218,0.00945746898651123,0.005352616310119629
hn,TRAIN_000337,20.821295274811558,20.072757073295584,0.9894879573418562,1.757948866406128,0.7828075819523076,20.80327570686901,19.569460607786766,0.24294231918880554,0.7917763590812683,26.288541610910382,23.582329922241506,0.4465238925108127,0.9131951928138733,26.262190971365897,23.892927176601603,0.46049369288074377,0.9374081492424011,0.2082236409187317,0.08680480718612671,0.06259185075759888
hn,TRAIN_000417,17.000142630229114,16.283800216139532,0.7647142723664184,1.5162687585198187,0.49979785851487435,23.074016544299916,21.76589997125368,0.2298761551226883,0.8515356183052063,29.776894219899436,25.86677870972605,0.485418457143645,0.8937279582023621,29.91779808239719,25.822518320698794,0.5007169120897279,0.8789177536964417,0.1484643816947937,0.10627204179763794,0.12108224630355835
hn,TRAIN_000417,11.37981484620547,11.373977638625242,0.43410675565914525,0.2675179051040361,0.959332039601774,27.88299137332663,27.942203435508098,0.8158128478266522,0.9835560321807861,33.324574745664485,32.746378647889856,0.9190058332413571,1.0392097234725952,33.924045587004066,33.26226179464825,0.9369414885777241,1.0023256540298462,0.016443967819213867,0.039209723472595215,0.0023256540298461914
hn,TRAIN_000417,20.460968077303523,20.35382450627884,0.9682922398413838,0.5769467293199628,0.6401535359599821,21.774761444715537,21.201902936994173,0.3689951208501116,0.8879655003547668,29.57259873660029,26.726381933762248,0.605226081229605,0.9515990614891052,29.65175070215502,26.887920688201174,0.6229556936828339,0.9768264889717102,0.11203449964523315,0.048400938510894775,0.023173511028289795
hn,TRAIN_000417,14.289042528245309,13.584097370605082,0.6052377957791358,0.4916564280896481,0.7625070336183798,25.281490822960635,24.704492051153505,0.6537453323106643,0.9378026723861694,31.436998841581087,29.147321992887697,0.8450630243379723,0.9835126399993896,31.939746554056526,30.003380500427795,0.881115447027369,0.9472255706787109,0.062197327613830566,0.01648736000061035,0.05277442932128906
hn,TRAIN_000417,19.500561160058794,18.433680608082675,0.9117977152975763,2.7579393261344913,0.5672546980264617,21.80389875833086,20.241239132730307,0.1437786321312169,0.7880110144615173,28.741486710763184,24.566228293750513,0.4008026926217994,0.843741238117218,28.76688594166663,24.56690049646886,0.4162690892663143,0.8392953276634216,0.21198898553848267,0.15625876188278198,0.16070467233657837
hn,TRAIN_000417,20.743229619467396,20.37508844400401,0.9848958599686704,0.20671708701645805,0.8362747162053523,22.041347945651204,22.010991249184116,0.4447776757700528,0.9467531442642212,31.083328850430767,29.732036317149525,0.7147223609789704,1.019426941871643,31.56954855535599,30.030048608537943,0.7491550560565885,0.9926810264587402,0.05324685573577881,0.019426941871643066,0.007318973541259766
hn,TRAIN_000420,12.311662902906813,10.77275001501564,0.4889213472298125,0.582660622853666,0.7454951532046049,26.308583632413512,24.926474385980868,0.703275324285027,0.7979264259338379,29.78555914470408,27.19204765326227,0.8545368023148823,0.8375734090805054,30.420639801035605,28.5328045007016,0.8801055636976215,0.8930317759513855,0.2020735740661621,0.16242659091949463,0.1069682240486145
hn,TRAIN_000420,19.120604029566593,17.796093333527427,0.8894472958568586,2.1428884052895434,0.7488237480010007,21.70165862604914,19.931314855143015,0.14373394805985087,0.7726563811302185,27.7897911205648,24.24341377934769,0.5213839355066632,0.9195706844329834,28.039816315771887,24.437012765909895,0.5841732987476173,0.9370183348655701,0.2273436188697815,0.0804293155670166,0.06298166513442993
hn,TRAIN_000420,18.73231687718578,17.75926496821541,0.8666068751285753,1.1439861993080254,0.6231478357530176,22.207997054662915,21.02447448972076,0.24458855658458528,0.7117454409599304,29.496374730916383,26.046135555679975,0.6120700406736879,0.8697811961174011,29.92043991260806,26.61056557995436,0.6568499554113725,0.9307600259780884,0.2882545590400696,0.13021880388259888,0.06923997402191162
hn,TRAIN_000420,20.124693786423162,18.67794371238809,0.9485113992013625,2.6368764959709536,0.3428641244951824,20.66885801335642,18.359088403751617,0.08995724980151346,0.5011513829231262,25.798432447814807,21.285208381388156,0.3055827566527147,0.567463219165802,26.516132997591026,21.68037791716609,0.365264296364817,0.7142152786254883,0.4988486170768738,0.432536780834198,0.2857847213745117
hn,TRAIN_000420,14.966883245183205,13.544309671450469,0.6451107791284239,1.2459176797827174,0.69455519511963,24.12437130499571,22.722355244921744,0.34276323026326705,0.7699518799781799,29.773911296343606,26.66144784956565,0.6898487911888774,0.8831157684326172,30.27034811412267,27.50942966742844,0.7365391166301203,0.9214664101600647,0.23004812002182007,0.11688423156738281,0.0785335898399353
hn,TRAIN_000420,19.11760536413954,18.086911156466986,0.8892709037729141,2.3431408136476626,0.33877614469966216,20.97468393279734,18.740223480100493,0.10483269908198173,0.4590981900691986,26.081986354984956,21.691355988711003,0.3320723849291096,0.5592507719993591,26.597871560991507,22.139469802956988,0.37070998483805184,0.6291888356208801,0.5409018099308014,0.44074922800064087,0.3708111643791199
